,transportation_expense,service_time,years_until_retirement,disciplinary_failure,number_of_children,number_of_pets,body_mass_index,absenteeism_time_in_hours,higher_education,commute_cost_per_km,risk_behavior,month_January,month_February,month_March,month_April,month_May,month_June,month_July,month_August,month_September,month_October,month_November,month_December,is_mid_week,is_near_weekend,is_weekend,reason_Acute Disease,reason_Chronic Disease,reason_Maternity/Pregnancy-Related,reason_Medical Care,reason_Mental Disease,reason_Unjustified absence,reason_Unspecified
0,289.0,13.0,32.0,0.0,2.0,1.0,30.0,4.0,0.0,8.027777777777779,1.0,0,0,0,0,0,0,1,0,0,0,0,0,1,0,0,0,0,0,0,0,1,0
1,117.99999999999999,18.0,15.0,1.0,1.0,0.0,31.0,0.0,0.0,9.076923076923077,1.0,0,0,0,0,0,0,1,0,0,0,0,0,1,0,0,0,0,0,0,0,0,1
2,179.0,18.0,27.0,0.0,0.0,0.0,31.0,2.0,0.0,3.5098039215686274,1.0,0,0,0,0,0,0,1,0,0,0,0,0,1,0,0,0,0,0,1,0,0,0
3,279.0,14.0,26.0,0.0,2.0,0.0,24.0,4.0,0.0,30.0,1.0,0,0,0,0,0,0,1,0,0,0,0,0,1,0,0,1,0,0,0,0,0,0
4,289.0,13.0,32.0,0.0,2.0,1.0,30.0,2.0,0.0,8.027777777777779,1.0,0,0,0,0,0,0,1,0,0,0,0,0,1,0,0,0,0,0,1,0,0,0
5,179.0,18.0,27.0,0.0,0.0,0.0,31.0,2.0,0.0,3.5098039215686274,1.0,0,0,0,0,0,0,1,0,0,0,0,0,0,1,0,0,0,0,1,0,0,0
6,361.0,3.0,37.0,0.0,1.0,4.0,27.0,8.0,0.0,6.9423076923076925,1.0,0,0,0,0,0,0,1,0,0,0,0,0,0,1,0,0,0,0,1,0,0,0
7,260.0,11.0,29.0,0.0,4.0,0.0,23.0,4.0,0.0,5.2,1.0,0,0,0,0,0,0,1,0,0,0,0,0,0,1,0,0,0,0,1,0,0,0
8,155.0,14.0,31.0,0.0,2.0,0.0,25.0,30.0,0.0,12.916666666666666,1.0,0,0,0,0,0,0,1,0,0,0,0,0,0,1,0,1,0,0,0,0,0,0
9,235.0,14.0,28.0,0.0,1.0,1.0,29.0,8.0,1.0,21.363636363636363,0.0,0,0,0,0,0,0,1,0,0,0,0,0,0,1,0,0,0,0,1,0,0,0
10,260.0,11.0,29.0,0.0,4.0,0.0,23.0,8.0,0.0,5.2,1.0,0,0,0,0,0,0,1,0,0,0,0,0,0,1,0,1,0,0,0,0,0,0
11,260.0,11.0,29.0,0.0,4.0,0.0,23.0,8.0,0.0,5.2,1.0,0,0,0,0,1,0,0,0,0,0,0,0,1,0,0,0,0,0,0,0,0,1
12,260.0,11.0,29.0,0.0,4.0,0.0,23.0,8.0,0.0,5.2,1.0,0,0,0,0,0,0,1,0,0,0,0,0,0,0,1,1,0,0,0,0,0,0
14,260.0,11.0,29.0,0.0,4.0,0.0,23.0,8.0,0.0,5.2,1.0,0,0,0,0,0,0,1,0,0,0,0,0,1,0,0,1,0,0,0,0,0,0
15,179.0,18.0,27.0,0.0,0.0,0.0,31.0,1.0,0.0,3.5098039215686274,1.0,0,0,0,0,0,0,1,0,0,0,0,0,1,0,0,1,0,0,0,0,0,0
16,179.0,18.0,27.0,0.0,0.0,0.0,31.0,1.0,0.0,3.5098039215686274,1.0,0,0,0,0,0,0,0,0,1,0,0,0,1,0,0,0,0,0,0,0,0,1
17,179.0,18.0,27.0,0.0,0.0,0.0,31.0,4.0,0.0,3.5098039215686274,1.0,0,0,0,0,0,0,1,0,0,0,0,0,1,0,0,0,0,0,1,0,0,0
18,246.0,16.0,24.0,0.0,0.0,0.0,23.0,8.0,0.0,9.84,1.0,0,0,0,0,0,0,1,0,0,0,0,0,0,1,0,1,0,0,0,0,0,0
19,179.0,18.0,27.0,0.0,0.0,0.0,31.0,2.0,0.0,3.5098039215686274,1.0,0,0,0,0,0,0,1,0,0,0,0,0,0,1,0,0,0,0,1,0,0,0
20,179.0,18.0,27.0,0.0,0.0,0.0,31.0,8.0,0.0,3.5098039215686274,1.0,0,0,0,0,0,0,1,0,0,0,0,0,0,1,0,0,0,0,1,0,0,0
21,189.0,13.0,32.0,0.0,2.0,2.0,25.0,8.0,0.0,6.517241379310345,0.0,0,0,0,0,0,0,1,0,0,0,0,0,1,0,0,1,0,0,0,0,0,0
22,248.0,14.0,18.0,0.0,2.0,1.0,32.0,2.0,0.0,9.92,0.0,0,0,0,0,0,0,0,1,0,0,0,0,1,0,0,0,0,0,1,0,0,0
23,330.0,4.0,37.0,0.0,0.0,0.0,25.0,8.0,1.0,20.625,0.0,0,0,0,0,0,0,0,1,0,0,0,0,1,0,0,1,0,0,0,0,0,0
24,179.0,18.0,27.0,0.0,0.0,0.0,31.0,1.0,0.0,3.5098039215686274,1.0,0,0,0,0,0,0,0,1,0,0,0,0,0,1,0,1,0,0,0,0,0,0
25,361.0,3.0,5.0,0.0,1.0,4.0,27.0,30.0,0.0,6.9423076923076925,1.0,0,0,0,0,0,0,0,1,0,0,0,0,0,1,0,0,1,0,0,0,0,0
26,260.0,11.0,29.0,0.0,4.0,0.0,23.0,4.0,0.0,5.2,1.0,0,0,0,0,0,0,0,1,0,0,0,0,0,1,0,0,0,0,1,0,0,0
27,289.0,13.0,5.0,0.0,2.0,1.0,30.0,8.0,0.0,8.027777777777779,1.0,0,0,0,0,0,0,0,1,0,0,0,0,0,1,0,1,0,0,0,0,0,0
28,361.0,3.0,37.0,0.0,1.0,4.0,27.0,7.0,0.0,6.9423076923076925,1.0,0,0,0,0,0,0,0,1,0,0,0,0,0,1,0,0,0,0,1,0,0,0
29,361.0,3.0,37.0,0.0,1.0,4.0,27.0,7.0,0.0,6.9423076923076925,1.0,0,0,0,0,0,1,0,0,0,0,0,0,1,0,0,0,0,0,0,0,0,1
30,289.0,13.0,32.0,0.0,2.0,1.0,30.0,1.0,0.0,8.027777777777779,1.0,0,0,0,0,0,0,0,1,0,0,0,0,1,0,0,0,0,0,1,0,0,0
31,157.0,6.0,36.0,0.0,0.0,0.0,22.0,4.0,0.0,5.814814814814815,1.0,0,0,0,0,0,0,0,1,0,0,0,0,1,0,0,0,0,0,1,0,0,0
32,289.0,13.0,32.0,0.0,2.0,1.0,30.0,8.0,0.0,8.027777777777779,1.0,0,0,0,0,0,0,0,1,0,0,0,0,1,0,0,1,0,0,0,0,0,0
33,179.0,18.0,27.0,0.0,0.0,0.0,31.0,2.0,0.0,3.5098039215686274,1.0,0,0,0,0,0,0,0,1,0,0,0,0,0,1,0,0,0,0,1,0,0,0
34,179.0,18.0,27.0,0.0,0.0,0.0,31.0,8.0,0.0,3.5098039215686274,1.0,0,0,0,0,0,0,0,1,0,0,0,0,0,1,0,1,0,0,0,0,0,0
35,235.0,12.0,17.0,0.0,1.0,4.0,33.0,8.0,0.0,8.10344827586207,1.0,0,0,0,0,0,0,0,1,0,0,0,0,1,0,0,1,0,0,0,0,0,0
36,235.0,14.0,28.0,0.0,1.0,1.0,29.0,4.0,1.0,21.363636363636363,0.0,0,0,0,0,0,0,0,1,0,0,0,0,1,0,0,0,0,0,1,0,0,0
37,235.0,12.0,17.0,0.0,1.0,4.0,33.0,8.0,0.0,8.10344827586207,1.0,0,0,0,0,0,0,0,1,0,0,0,0,0,1,0,1,0,0,0,0,0,0
38,179.0,18.0,27.0,0.0,0.0,0.0,31.0,2.0,0.0,3.5098039215686274,1.0,0,0,0,0,0,0,0,1,0,0,0,0,0,1,0,0,0,0,1,0,0,0
39,361.0,3.0,37.0,0.0,1.0,4.0,27.0,1.0,0.0,6.9423076923076925,1.0,0,0,0,0,0,0,0,1,0,0,0,0,0,1,0,0,0,0,1,0,0,0
40,289.0,13.0,32.0,0.0,2.0,1.0,30.0,8.0,0.0,8.027777777777779,1.0,0,0,0,0,0,0,0,1,0,0,0,0,1,0,0,0,0,0,1,0,0,0
41,291.0,12.0,33.0,0.0,0.0,0.0,23.0,4.0,0.0,5.82,1.0,0,0,0,0,0,0,0,1,0,0,0,0,1,0,0,1,0,0,0,0,0,0
42,235.0,12.0,17.0,0.0,1.0,4.0,33.0,8.0,0.0,8.10344827586207,1.0,0,0,0,0,0,0,0,1,0,0,0,0,0,1,0,0,0,0,1,0,0,0
43,260.0,11.0,29.0,0.0,4.0,0.0,23.0,4.0,0.0,5.2,1.0,0,0,0,0,0,0,0,1,0,0,0,0,0,1,0,0,0,0,1,0,0,0
44,184.0,7.0,38.0,0.0,0.0,0.0,21.0,2.0,0.0,4.380952380952381,0.0,0,0,0,0,0,0,0,0,1,0,0,0,1,0,0,0,0,0,1,0,0,0
45,117.99999999999999,10.0,28.0,0.0,0.0,0.0,28.0,4.0,0.0,11.8,0.0,0,0,0,0,0,0,0,0,1,0,0,0,0,1,0,0,0,0,1,0,0,0
46,179.0,18.0,27.0,0.0,0.0,0.0,31.0,4.0,0.0,3.5098039215686274,1.0,0,0,0,0,0,0,0,0,1,0,0,0,1,0,0,0,0,0,1,0,0,0
47,235.0,13.0,22.0,0.0,1.0,0.0,38.0,8.0,0.0,11.75,1.0,0,0,0,0,0,0,0,0,1,0,0,0,1,0,0,1,0,0,0,0,0,0
48,155.0,14.0,31.0,0.0,2.0,0.0,25.0,2.0,0.0,12.916666666666666,1.0,0,0,0,0,0,0,0,0,1,0,0,0,1,0,0,0,0,0,1,0,0,0
49,155.0,14.0,31.0,0.0,2.0,0.0,25.0,2.0,0.0,12.916666666666666,1.0,0,0,0,0,0,1,0,0,0,0,0,0,1,0,0,0,0,0,0,0,0,1
50,117.99999999999999,10.0,28.0,0.0,0.0,0.0,28.0,3.0,0.0,11.8,0.0,0,0,0,0,0,0,0,0,1,0,0,0,0,1,0,0,0,0,1,0,0,0
51,179.0,18.0,27.0,0.0,0.0,0.0,31.0,3.0,0.0,3.5098039215686274,1.0,0,0,0,0,0,0,0,0,1,0,0,0,1,0,0,0,0,0,1,0,0,0
52,291.0,12.0,25.0,0.0,1.0,1.0,25.0,4.0,0.0,9.387096774193548,1.0,0,0,0,0,0,0,0,0,1,0,0,0,1,0,0,0,0,0,1,0,0,0
53,260.0,11.0,29.0,0.0,4.0,0.0,23.0,8.0,0.0,5.2,1.0,0,0,0,0,0,0,0,0,1,0,0,0,0,1,0,0,0,0,1,0,0,0
54,291.0,12.0,25.0,0.0,1.0,1.0,25.0,30.0,0.0,9.387096774193548,1.0,0,0,0,0,0,0,0,0,1,0,0,0,0,1,0,1,0,0,0,0,0,0
55,260.0,11.0,29.0,1.0,4.0,0.0,23.0,0.0,0.0,5.2,1.0,0,0,0,0,0,0,0,0,1,0,0,0,0,1,0,0,0,0,0,0,0,1
56,225.0,9.0,37.0,1.0,1.0,2.0,24.0,0.0,0.0,8.653846153846153,0.0,0,0,0,0,0,0,0,0,1,0,0,0,0,1,0,0,0,0,0,0,0,1
57,225.0,9.0,37.0,0.0,1.0,2.0,24.0,2.0,0.0,8.653846153846153,0.0,0,0,0,0,0,0,0,0,1,0,0,0,1,0,0,0,0,0,1,0,0,0
58,117.99999999999999,10.0,28.0,0.0,0.0,0.0,28.0,2.0,0.0,11.8,0.0,0,0,0,0,0,0,0,0,1,0,0,0,1,0,0,0,0,0,1,0,0,0
59,289.0,13.0,32.0,1.0,2.0,1.0,30.0,0.0,0.0,8.027777777777779,1.0,0,0,0,0,0,0,0,0,1,0,0,0,1,0,0,0,0,0,0,0,0,1
60,117.99999999999999,18.0,15.0,1.0,1.0,0.0,31.0,0.0,0.0,9.076923076923077,1.0,0,0,0,0,0,0,0,0,1,0,0,0,1,0,0,0,0,0,0,0,0,1
61,225.0,9.0,37.0,0.0,1.0,2.0,24.0,3.0,0.0,8.653846153846153,0.0,0,0,0,0,0,0,0,0,1,0,0,0,1,0,0,1,0,0,0,0,0,0
62,179.0,18.0,27.0,0.0,0.0,0.0,31.0,3.0,0.0,3.5098039215686274,1.0,0,0,0,0,0,0,0,0,1,0,0,0,1,0,0,0,0,0,1,0,0,0
63,369.0,12.0,34.0,1.0,3.0,0.0,25.0,0.0,0.0,21.705882352941174,1.0,0,0,0,0,0,0,0,0,1,0,0,0,1,0,0,0,0,0,0,0,0,1
64,248.0,14.0,18.0,0.0,2.0,1.0,32.0,1.0,0.0,9.92,0.0,0,0,0,0,0,0,0,0,1,0,0,0,0,1,0,0,0,0,1,0,0,0
65,179.0,18.0,27.0,0.0,0.0,0.0,31.0,3.0,0.0,3.5098039215686274,1.0,0,0,0,0,0,0,0,0,1,0,0,0,0,1,0,0,0,0,1,0,0,0
66,260.0,11.0,29.0,0.0,4.0,0.0,23.0,4.0,0.0,5.2,1.0,0,0,0,0,0,0,0,0,1,0,0,0,0,1,0,0,0,0,1,0,0,0
67,179.0,18.0,27.0,0.0,0.0,0.0,31.0,3.0,0.0,3.5098039215686274,1.0,0,0,0,0,0,0,0,0,0,1,0,0,1,0,0,0,0,0,1,0,0,0
68,179.0,18.0,27.0,0.0,0.0,0.0,31.0,3.0,0.0,3.5098039215686274,1.0,0,0,0,1,0,0,0,0,0,0,0,0,1,0,0,0,0,0,0,0,0,1
69,117.99999999999999,10.0,28.0,0.0,0.0,0.0,28.0,3.0,0.0,11.8,0.0,0,0,0,0,0,0,0,0,0,1,0,0,1,0,0,0,0,0,1,0,0,0
70,117.99999999999999,18.0,15.0,1.0,1.0,0.0,31.0,0.0,0.0,9.076923076923077,1.0,0,0,0,0,0,0,0,0,0,1,0,0,1,0,0,0,0,0,0,0,0,1
71,179.0,9.0,35.0,0.0,0.0,0.0,19.0,1.0,1.0,6.884615384615385,0.0,0,0,0,0,0,0,0,0,0,1,0,0,1,0,0,0,0,0,1,0,0,0
72,179.0,18.0,27.0,0.0,0.0,0.0,31.0,3.0,0.0,3.5098039215686274,1.0,0,0,0,0,0,0,0,0,0,1,0,0,0,1,0,0,0,0,1,0,0,0
73,225.0,9.0,37.0,0.0,1.0,2.0,24.0,3.0,0.0,8.653846153846153,0.0,0,0,0,0,0,0,0,0,0,1,0,0,0,1,0,0,0,0,1,0,0,0
75,225.0,9.0,37.0,0.0,1.0,2.0,24.0,2.0,0.0,8.653846153846153,0.0,0,0,0,0,0,0,0,0,0,1,0,0,1,0,0,0,0,0,1,0,0,0
76,248.0,14.0,18.0,0.0,2.0,1.0,32.0,2.0,0.0,9.92,0.0,0,0,0,0,0,0,0,0,0,1,0,0,1,0,0,0,0,0,1,0,0,0
77,291.0,12.0,25.0,0.0,1.0,1.0,25.0,5.0,0.0,9.387096774193548,1.0,0,0,0,0,0,0,0,0,0,1,0,0,1,0,0,0,0,0,1,0,0,0
78,179.0,18.0,27.0,0.0,0.0,0.0,31.0,8.0,0.0,3.5098039215686274,1.0,0,0,0,0,0,0,0,0,0,1,0,0,1,0,0,0,0,0,1,0,0,0
79,225.0,9.0,37.0,0.0,1.0,2.0,24.0,3.0,0.0,8.653846153846153,0.0,0,0,0,0,0,0,0,0,0,1,0,0,1,0,0,0,0,0,1,0,0,0
80,260.0,11.0,29.0,0.0,4.0,0.0,23.0,16.0,0.0,5.2,1.0,0,0,0,0,0,0,0,0,0,1,0,0,1,0,0,1,0,0,0,0,0,0
81,260.0,11.0,29.0,0.0,4.0,0.0,23.0,16.0,0.0,5.2,1.0,0,0,0,0,0,1,0,0,0,0,0,0,1,0,0,0,0,0,0,0,0,1
82,291.0,12.0,25.0,0.0,1.0,1.0,25.0,8.0,0.0,9.387096774193548,1.0,0,0,0,0,0,0,0,0,0,1,0,0,1,0,0,1,0,0,0,0,0,0
83,291.0,12.0,25.0,0.0,1.0,1.0,25.0,8.0,0.0,9.387096774193548,1.0,0,0,0,0,0,1,0,0,0,0,0,0,1,0,0,0,0,0,0,0,0,1
84,225.0,9.0,5.0,0.0,1.0,2.0,24.0,2.0,0.0,8.653846153846153,0.0,0,0,0,0,0,0,0,0,0,1,0,0,1,0,0,0,0,0,1,0,0,0
85,289.0,13.0,32.0,0.0,2.0,1.0,30.0,8.0,0.0,8.027777777777779,1.0,0,0,0,0,0,0,0,0,0,1,0,0,1,0,0,0,0,0,0,0,1,0
86,361.0,3.0,37.0,0.0,1.0,4.0,27.0,1.0,0.0,6.9423076923076925,1.0,0,0,0,0,0,0,0,0,0,1,0,0,0,1,0,0,0,0,1,0,0,0
87,260.0,11.0,29.0,0.0,4.0,0.0,23.0,3.0,0.0,5.2,1.0,0,0,0,0,0,0,0,0,0,1,0,0,0,1,0,0,0,0,1,0,0,0
88,179.0,18.0,27.0,0.0,0.0,0.0,31.0,1.0,0.0,3.5098039215686274,1.0,0,0,0,0,0,0,0,0,0,0,1,0,1,0,0,0,0,0,1,0,0,0
89,225.0,9.0,37.0,0.0,1.0,2.0,24.0,1.0,0.0,8.653846153846153,0.0,0,0,0,0,0,0,0,0,0,0,1,0,1,0,0,0,0,0,1,0,0,0
90,179.0,18.0,27.0,0.0,0.0,0.0,31.0,8.0,0.0,3.5098039215686274,1.0,0,0,0,0,0,0,0,0,0,0,1,0,1,0,0,0,1,0,0,0,0,0
91,179.0,17.0,25.0,0.0,2.0,0.0,22.0,8.0,1.0,8.136363636363637,1.0,0,0,0,0,0,0,0,0,0,0,1,0,1,0,0,0,0,0,1,0,0,0
92,291.0,12.0,5.0,0.0,1.0,1.0,25.0,5.0,0.0,9.387096774193548,1.0,0,0,0,0,0,0,0,0,0,0,1,0,1,0,0,0,0,0,1,0,0,0
93,155.0,14.0,31.0,0.0,2.0,0.0,25.0,30.0,0.0,12.916666666666666,1.0,0,0,0,0,0,0,0,0,0,0,1,0,0,1,0,1,0,0,0,0,0,0
94,189.0,13.0,32.0,0.0,2.0,2.0,25.0,8.0,0.0,6.517241379310345,0.0,0,0,0,0,0,0,0,0,0,0,1,0,0,1,0,0,0,0,1,0,0,0
95,291.0,13.0,25.0,0.0,1.0,1.0,25.0,30.0,0.0,9.387096774193548,1.0,0,0,0,0,0,0,0,0,0,0,1,0,0,1,0,1,0,0,0,0,0,0
96,225.0,9.0,37.0,0.0,1.0,2.0,24.0,1.0,0.0,8.653846153846153,0.0,0,0,0,0,0,0,0,0,0,0,1,0,1,0,0,0,0,0,1,0,0,0
97,155.0,14.0,31.0,0.0,2.0,0.0,25.0,8.0,0.0,12.916666666666666,1.0,0,0,0,0,0,0,0,0,0,0,1,0,0,1,0,0,1,0,0,0,0,0
98,225.0,9.0,37.0,0.0,1.0,2.0,24.0,3.0,0.0,8.653846153846153,0.0,0,0,0,0,0,0,0,0,0,0,1,0,1,0,0,0,0,0,1,0,0,0
99,179.0,17.0,25.0,0.0,2.0,0.0,22.0,8.0,1.0,8.136363636363637,1.0,0,0,0,0,0,0,0,0,0,0,1,0,1,0,0,0,0,0,1,0,0,0
100,225.0,9.0,37.0,0.0,1.0,2.0,24.0,3.0,0.0,8.653846153846153,0.0,0,0,0,0,0,0,0,0,0,0,1,0,0,1,0,0,1,0,0,0,0,0
101,260.0,11.0,29.0,0.0,4.0,0.0,23.0,4.0,0.0,5.2,1.0,0,0,0,0,0,0,0,0,0,0,1,0,0,1,0,0,0,0,1,0,0,0
102,248.0,14.0,18.0,0.0,2.0,1.0,32.0,1.0,0.0,9.92,0.0,0,0,0,0,0,0,0,0,0,0,1,0,0,1,0,0,0,0,1,0,0,0
103,225.0,9.0,37.0,0.0,1.0,2.0,24.0,3.0,0.0,8.653846153846153,0.0,0,0,0,0,0,0,0,0,0,0,1,0,1,0,0,0,0,0,1,0,0,0
104,289.0,13.0,32.0,0.0,2.0,1.0,30.0,24.0,0.0,8.027777777777779,1.0,0,0,0,0,0,0,0,0,0,0,1,0,1,0,0,1,0,0,0,0,0,0
105,291.0,12.0,25.0,0.0,1.0,1.0,25.0,3.0,0.0,9.387096774193548,1.0,0,0,0,0,0,0,0,0,0,0,1,0,1,0,0,0,0,0,1,0,0,0
106,248.0,14.0,18.0,0.0,2.0,1.0,32.0,1.0,0.0,9.92,0.0,0,0,0,0,0,0,0,0,0,0,0,1,1,0,0,0,0,0,1,0,0,0
107,117.99999999999999,10.0,28.0,0.0,0.0,0.0,28.0,30.0,0.0,11.8,0.0,0,0,0,0,0,0,0,0,0,0,0,1,1,0,0,1,0,0,0,0,0,0
108,117.99999999999999,18.0,15.0,0.0,1.0,0.0,31.0,2.0,0.0,9.076923076923077,1.0,0,0,0,0,0,0,0,0,0,0,0,1,1,0,0,0,0,0,1,0,0,0
109,235.0,14.0,28.0,0.0,1.0,1.0,29.0,8.0,1.0,21.363636363636363,0.0,0,0,0,0,0,0,0,0,0,0,0,1,1,0,0,0,0,0,0,0,1,0
110,225.0,9.0,37.0,0.0,1.0,2.0,24.0,2.0,0.0,8.653846153846153,0.0,0,0,0,0,0,0,0,0,0,0,0,1,1,0,0,0,0,0,1,0,0,0
111,260.0,11.0,29.0,0.0,4.0,0.0,23.0,8.0,0.0,5.2,1.0,0,0,0,0,0,0,0,0,0,0,0,1,0,1,0,0,0,0,0,0,1,0
112,117.99999999999999,10.0,28.0,0.0,0.0,0.0,28.0,30.0,0.0,11.8,0.0,0,0,0,0,0,0,0,0,0,0,0,1,1,0,0,1,0,0,0,0,0,0
113,361.0,3.0,37.0,0.0,1.0,4.0,27.0,8.0,0.0,6.9423076923076925,1.0,0,0,0,0,0,0,0,0,0,0,0,1,1,0,0,0,0,0,1,0,0,0
114,225.0,9.0,37.0,0.0,1.0,2.0,24.0,3.0,0.0,8.653846153846153,0.0,0,0,0,0,0,0,0,0,0,0,0,1,1,0,0,0,0,0,1,0,0,0
115,260.0,11.0,29.0,0.0,4.0,0.0,23.0,3.0,0.0,5.2,1.0,0,0,0,0,0,0,0,0,0,0,0,1,0,1,0,0,0,0,1,0,0,0
116,225.0,9.0,37.0,0.0,1.0,2.0,24.0,2.0,0.0,8.653846153846153,0.0,0,0,0,0,0,0,0,0,0,0,0,1,1,0,0,0,0,0,1,0,0,0
118,117.99999999999999,10.0,28.0,0.0,0.0,0.0,28.0,2.0,0.0,11.8,0.0,0,0,0,0,0,0,0,0,0,0,0,1,0,1,0,0,0,0,1,0,0,0
119,246.0,16.0,24.0,0.0,0.0,0.0,23.0,8.0,0.0,9.84,1.0,0,0,0,0,0,0,0,0,0,0,0,1,0,1,0,1,0,0,0,0,0,0
120,225.0,9.0,37.0,0.0,1.0,2.0,24.0,2.0,0.0,8.653846153846153,0.0,0,0,0,0,0,0,0,0,0,0,0,1,0,1,0,0,0,0,1,0,0,0
121,225.0,9.0,37.0,0.0,1.0,2.0,24.0,1.0,0.0,8.653846153846153,0.0,1,0,0,0,0,0,0,0,0,0,0,0,1,0,0,0,0,0,1,0,0,0
122,117.99999999999999,10.0,28.0,0.0,0.0,0.0,28.0,1.0,0.0,11.8,0.0,1,0,0,0,0,0,0,0,0,0,0,0,0,1,0,1,0,0,0,0,0,0
123,117.99999999999999,10.0,28.0,0.0,0.0,0.0,28.0,1.0,0.0,11.8,0.0,1,0,0,0,0,0,0,0,0,0,0,0,1,0,0,0,0,0,1,0,0,0
124,117.99999999999999,10.0,28.0,0.0,0.0,0.0,28.0,1.0,0.0,11.8,0.0,0,0,1,0,0,0,0,0,0,0,0,0,0,1,0,0,0,0,0,0,0,1
125,155.0,14.0,31.0,0.0,2.0,0.0,25.0,8.0,0.0,12.916666666666666,1.0,1,0,0,0,0,0,0,0,0,0,0,0,1,0,0,1,0,0,0,0,0,0
126,225.0,9.0,37.0,0.0,1.0,2.0,24.0,2.0,0.0,8.653846153846153,0.0,1,0,0,0,0,0,0,0,0,0,0,0,1,0,0,0,0,0,1,0,0,0
127,184.0,7.0,38.0,0.0,0.0,0.0,21.0,2.0,0.0,4.380952380952381,0.0,1,0,0,0,0,0,0,0,0,0,0,0,1,0,0,0,0,0,1,0,0,0
128,225.0,9.0,37.0,0.0,1.0,2.0,24.0,2.0,0.0,8.653846153846153,0.0,1,0,0,0,0,0,0,0,0,0,0,0,1,0,0,0,0,0,1,0,0,0
129,225.0,9.0,37.0,0.0,1.0,2.0,24.0,1.0,0.0,8.653846153846153,0.0,1,0,0,0,0,0,0,0,0,0,0,0,0,1,0,0,0,0,1,0,0,0
130,225.0,9.0,37.0,0.0,1.0,2.0,24.0,1.0,0.0,8.653846153846153,0.0,0,0,0,0,1,0,0,0,0,0,0,0,1,0,0,0,0,0,0,0,0,1
131,117.99999999999999,10.0,28.0,0.0,0.0,0.0,28.0,2.0,0.0,11.8,0.0,1,0,0,0,0,0,0,0,0,0,0,0,0,1,0,0,0,0,1,0,0,0
132,225.0,9.0,37.0,0.0,1.0,2.0,24.0,2.0,0.0,8.653846153846153,0.0,1,0,0,0,0,0,0,0,0,0,0,0,1,0,0,0,0,0,1,0,0,0
133,117.99999999999999,10.0,28.0,0.0,0.0,0.0,28.0,2.0,0.0,11.8,0.0,1,0,0,0,0,0,0,0,0,0,0,0,1,0,0,0,0,0,1,0,0,0
134,117.99999999999999,10.0,5.0,0.0,0.0,0.0,28.0,2.0,0.0,11.8,0.0,1,0,0,0,0,0,0,0,0,0,0,0,1,0,0,0,0,0,1,0,0,0
135,117.99999999999999,10.0,28.0,0.0,0.0,0.0,28.0,2.0,0.0,11.8,0.0,1,0,0,0,0,0,0,0,0,0,0,0,1,0,0,0,0,0,1,0,0,0
136,117.99999999999999,10.0,28.0,0.0,0.0,0.0,28.0,2.0,0.0,11.8,0.0,1,0,0,0,0,0,0,0,0,0,0,0,0,1,0,0,0,0,1,0,0,0
139,179.0,9.0,35.0,0.0,0.0,0.0,19.0,8.0,1.0,6.884615384615385,0.0,1,0,0,0,0,0,0,0,0,0,0,0,1,0,0,1,0,0,0,0,0,0
140,289.0,13.0,5.0,0.0,2.0,1.0,30.0,8.0,0.0,8.027777777777779,1.0,1,0,0,0,0,0,0,0,0,0,0,0,1,0,0,1,0,0,0,0,0,0
141,117.99999999999999,10.0,28.0,0.0,0.0,0.0,28.0,2.0,0.0,11.8,0.0,1,0,0,0,0,0,0,0,0,0,0,0,1,0,0,0,0,0,1,0,0,0
142,117.99999999999999,10.0,28.0,0.0,0.0,0.0,28.0,2.0,0.0,11.8,0.0,0,0,0,0,0,1,0,0,0,0,0,0,1,0,0,0,0,0,0,0,0,1
143,184.0,7.0,38.0,0.0,0.0,0.0,21.0,2.0,0.0,4.380952380952381,0.0,1,0,0,0,0,0,0,0,0,0,0,0,1,0,0,0,0,0,1,0,0,0
144,117.99999999999999,10.0,28.0,0.0,0.0,0.0,28.0,2.0,0.0,11.8,0.0,1,0,0,0,0,0,0,0,0,0,0,0,1,0,0,0,0,0,1,0,0,0
145,117.99999999999999,10.0,28.0,0.0,0.0,0.0,28.0,0.0,0.0,11.8,0.0,1,0,0,0,0,0,0,0,0,0,0,0,0,1,0,0,0,0,1,0,0,0
146,225.0,9.0,37.0,0.0,1.0,2.0,24.0,1.0,0.0,8.653846153846153,0.0,1,0,0,0,0,0,0,0,0,0,0,0,1,0,0,0,0,0,1,0,0,0
147,289.0,13.0,32.0,0.0,2.0,1.0,30.0,3.0,0.0,8.027777777777779,1.0,1,0,0,0,0,0,0,0,0,0,0,0,1,0,0,0,0,0,1,0,0,0
148,184.0,7.0,38.0,0.0,0.0,0.0,21.0,1.0,0.0,4.380952380952381,0.0,0,1,0,0,0,0,0,0,0,0,0,0,0,1,0,0,0,0,1,0,0,0
149,246.0,16.0,24.0,0.0,0.0,0.0,23.0,8.0,0.0,9.84,1.0,0,1,0,0,0,0,0,0,0,0,0,0,1,0,0,1,0,0,0,0,0,0
150,179.0,18.0,27.0,0.0,0.0,0.0,31.0,8.0,0.0,3.5098039215686274,1.0,0,1,0,0,0,0,0,0,0,0,0,0,1,0,0,1,0,0,0,0,0,0
151,155.0,14.0,31.0,0.0,2.0,0.0,25.0,2.0,0.0,12.916666666666666,1.0,0,1,0,0,0,0,0,0,0,0,0,0,1,0,0,0,0,0,1,0,0,0
152,189.0,13.0,32.0,0.0,2.0,2.0,25.0,8.0,0.0,6.517241379310345,0.0,0,1,0,0,0,0,0,0,0,0,0,0,1,0,0,0,0,0,1,0,0,0
153,260.0,11.0,29.0,0.0,4.0,0.0,23.0,2.0,0.0,5.2,1.0,0,1,0,0,0,0,0,0,0,0,0,0,0,1,0,0,0,0,1,0,0,0
154,260.0,11.0,29.0,0.0,4.0,0.0,23.0,2.0,0.0,5.2,1.0,0,0,0,0,0,1,0,0,0,0,0,0,1,0,0,0,0,0,0,0,0,1
155,289.0,13.0,5.0,0.0,2.0,1.0,30.0,8.0,0.0,8.027777777777779,1.0,0,1,0,0,0,0,0,0,0,0,0,0,0,1,0,0,0,0,1,0,0,0
156,388.0,9.0,15.0,0.0,0.0,0.0,24.0,8.0,0.0,25.866666666666667,0.0,0,1,0,0,0,0,0,0,0,0,0,0,0,1,0,1,0,0,0,0,0,0
157,388.0,9.0,15.0,0.0,0.0,0.0,24.0,8.0,0.0,25.866666666666667,0.0,0,1,0,0,0,0,0,0,0,0,0,0,1,0,0,1,0,0,0,0,0,0
158,225.0,9.0,5.0,0.0,1.0,2.0,24.0,2.0,0.0,8.653846153846153,0.0,0,1,0,0,0,0,0,0,0,0,0,0,0,1,0,0,0,0,1,0,0,0
159,225.0,9.0,37.0,0.0,1.0,2.0,24.0,2.0,0.0,8.653846153846153,0.0,0,1,0,0,0,0,0,0,0,0,0,0,1,0,0,0,0,0,1,0,0,0
160,179.0,9.0,35.0,0.0,0.0,0.0,19.0,1.0,1.0,6.884615384615385,0.0,0,1,0,0,0,0,0,0,0,0,0,0,1,0,0,0,0,0,1,0,0,0
161,184.0,7.0,38.0,0.0,0.0,0.0,21.0,8.0,0.0,4.380952380952381,0.0,0,1,0,0,0,0,0,0,0,0,0,0,1,0,0,0,0,0,1,0,0,0
162,225.0,9.0,37.0,0.0,1.0,2.0,24.0,3.0,0.0,8.653846153846153,0.0,0,1,0,0,0,0,0,0,0,0,0,0,1,0,0,0,0,0,1,0,0,0
163,330.0,4.0,37.0,0.0,0.0,0.0,25.0,8.0,1.0,20.625,0.0,0,1,0,0,0,0,0,0,0,0,0,0,0,1,0,1,0,0,0,0,0,0
164,330.0,4.0,37.0,0.0,0.0,0.0,25.0,1.0,1.0,20.625,0.0,0,1,0,0,0,0,0,0,0,0,0,0,1,0,0,0,0,0,1,0,0,0
165,225.0,9.0,37.0,0.0,1.0,2.0,24.0,1.0,0.0,8.653846153846153,0.0,0,1,0,0,0,0,0,0,0,0,0,0,1,0,0,0,0,0,1,0,0,0
166,189.0,13.0,32.0,0.0,2.0,2.0,25.0,8.0,0.0,6.517241379310345,0.0,0,1,0,0,0,0,0,0,0,0,0,0,1,0,0,1,0,0,0,0,0,0
167,291.0,12.0,33.0,0.0,0.0,0.0,23.0,2.0,0.0,5.82,1.0,0,0,1,0,0,0,0,0,0,0,0,0,1,0,0,0,0,0,1,0,0,0
168,260.0,11.0,29.0,0.0,4.0,0.0,23.0,8.0,0.0,5.2,1.0,0,0,1,0,0,0,0,0,0,0,0,0,1,0,0,1,0,0,0,0,0,0
169,157.0,6.0,5.0,0.0,0.0,0.0,22.0,3.0,0.0,5.814814814814815,1.0,0,0,1,0,0,0,0,0,0,0,0,0,1,0,0,1,0,0,0,0,0,0
170,179.0,17.0,25.0,0.0,2.0,0.0,22.0,8.0,1.0,8.136363636363637,1.0,0,0,1,0,0,0,0,0,0,0,0,0,1,0,0,0,1,0,0,0,0,0
171,291.0,12.0,25.0,0.0,1.0,1.0,25.0,8.0,0.0,9.387096774193548,1.0,0,0,1,0,0,0,0,0,0,0,0,0,1,0,0,0,0,0,1,0,0,0
172,260.0,11.0,29.0,0.0,4.0,0.0,23.0,8.0,0.0,5.2,1.0,0,0,1,0,0,0,0,0,0,0,0,0,1,0,0,0,1,0,0,0,0,0
173,179.0,9.0,35.0,0.0,0.0,0.0,19.0,8.0,1.0,6.884615384615385,0.0,0,0,1,0,0,0,0,0,0,0,0,0,1,0,0,0,1,0,0,0,0,0
174,248.0,14.0,18.0,0.0,2.0,1.0,32.0,3.0,0.0,9.92,0.0,0,0,1,0,0,0,0,0,0,0,0,0,0,1,0,1,0,0,0,0,0,0
175,248.0,14.0,18.0,0.0,2.0,1.0,32.0,3.0,0.0,9.92,0.0,0,0,0,0,0,1,0,0,0,0,0,0,1,0,0,0,0,0,0,0,0,1
176,260.0,11.0,29.0,0.0,4.0,0.0,23.0,30.0,0.0,5.2,1.0,0,0,1,0,0,0,0,0,0,0,0,0,0,1,0,0,1,0,0,0,0,0
177,179.0,17.0,25.0,0.0,2.0,0.0,22.0,30.0,1.0,8.136363636363637,1.0,0,0,1,0,0,0,0,0,0,0,0,0,0,1,0,1,0,0,0,0,0,0
178,155.0,14.0,31.0,0.0,2.0,0.0,25.0,16.0,0.0,12.916666666666666,1.0,0,0,1,0,0,0,0,0,0,0,0,0,0,1,0,1,0,0,0,0,0,0
179,260.0,11.0,29.0,0.0,4.0,0.0,23.0,16.0,0.0,5.2,1.0,0,0,1,0,0,0,0,0,0,0,0,0,0,1,0,0,0,0,0,0,1,0
180,155.0,14.0,31.0,0.0,2.0,0.0,25.0,8.0,0.0,12.916666666666666,1.0,0,0,1,0,0,0,0,0,0,0,0,0,1,0,0,0,1,0,0,0,0,0
181,289.0,13.0,5.0,0.0,2.0,1.0,30.0,8.0,0.0,8.027777777777779,1.0,0,0,1,0,0,0,0,0,0,0,0,0,1,0,0,0,1,0,0,0,0,0
182,179.0,17.0,25.0,0.0,2.0,0.0,22.0,8.0,1.0,8.136363636363637,1.0,0,0,1,0,0,0,0,0,0,0,0,0,1,0,0,1,0,0,0,0,0,0
183,179.0,17.0,25.0,0.0,2.0,0.0,22.0,8.0,1.0,8.136363636363637,1.0,0,0,0,0,0,0,0,1,0,0,0,0,1,0,0,0,0,0,0,0,0,1
184,260.0,11.0,29.0,0.0,4.0,0.0,23.0,4.0,0.0,5.2,1.0,0,0,1,0,0,0,0,0,0,0,0,0,0,1,0,0,0,0,1,0,0,0
185,225.0,9.0,37.0,0.0,1.0,2.0,24.0,1.0,0.0,8.653846153846153,0.0,0,0,1,0,0,0,0,0,0,0,0,0,0,1,0,0,0,0,1,0,0,0
186,279.0,14.0,5.0,0.0,2.0,0.0,24.0,8.0,0.0,30.0,1.0,0,0,1,0,0,0,0,0,0,0,0,0,0,1,0,1,0,0,0,0,0,0
187,179.0,18.0,27.0,0.0,0.0,0.0,31.0,24.0,0.0,3.5098039215686274,1.0,0,0,1,0,0,0,0,0,0,0,0,0,1,0,0,0,1,0,0,0,0,0
188,225.0,9.0,37.0,0.0,1.0,2.0,24.0,2.0,0.0,8.653846153846153,0.0,0,0,1,0,0,0,0,0,0,0,0,0,1,0,0,0,0,0,1,0,0,0
189,225.0,9.0,5.0,0.0,1.0,2.0,24.0,8.0,0.0,8.653846153846153,0.0,0,0,1,0,0,0,0,0,0,0,0,0,0,1,0,1,0,0,0,0,0,0
190,179.0,9.0,35.0,0.0,0.0,0.0,19.0,1.0,1.0,6.884615384615385,0.0,0,0,1,0,0,0,0,0,0,0,0,0,0,1,0,0,1,0,0,0,0,0
191,225.0,9.0,37.0,0.0,1.0,2.0,24.0,8.0,0.0,8.653846153846153,0.0,0,0,1,0,0,0,0,0,0,0,0,0,1,0,0,1,0,0,0,0,0,0
192,225.0,9.0,5.0,0.0,1.0,2.0,24.0,16.0,0.0,8.653846153846153,0.0,0,0,1,0,0,0,0,0,0,0,0,0,1,0,0,1,0,0,0,0,0,0
193,179.0,18.0,5.0,0.0,0.0,0.0,31.0,3.0,0.0,3.5098039215686274,1.0,0,0,1,0,0,0,0,0,0,0,0,0,1,0,0,0,1,0,0,0,0,0
194,279.0,14.0,26.0,0.0,2.0,0.0,24.0,16.0,0.0,30.0,1.0,0,0,1,0,0,0,0,0,0,0,0,0,1,0,0,1,0,0,0,0,0,0
195,225.0,9.0,37.0,0.0,1.0,2.0,24.0,2.0,0.0,8.653846153846153,0.0,0,0,1,0,0,0,0,0,0,0,0,0,0,1,0,0,0,0,1,0,0,0
196,248.0,14.0,5.0,0.0,2.0,1.0,32.0,3.0,0.0,9.92,0.0,0,0,1,0,0,0,0,0,0,0,0,0,0,1,0,1,0,0,0,0,0,0
197,225.0,9.0,37.0,0.0,1.0,2.0,24.0,1.0,0.0,8.653846153846153,0.0,0,0,1,0,0,0,0,0,0,0,0,0,0,1,0,0,0,0,1,0,0,0
199,291.0,12.0,25.0,0.0,1.0,1.0,25.0,1.0,0.0,9.387096774193548,1.0,0,0,0,1,0,0,0,0,0,0,0,0,1,0,0,0,0,0,1,0,0,0
200,225.0,9.0,37.0,0.0,1.0,2.0,24.0,1.0,0.0,8.653846153846153,0.0,0,0,0,1,0,0,0,0,0,0,0,0,1,0,0,0,0,0,1,0,0,0
201,155.0,14.0,31.0,0.0,2.0,0.0,25.0,1.0,0.0,12.916666666666666,1.0,0,0,0,1,0,0,0,0,0,0,0,0,1,0,0,0,0,0,1,0,0,0
202,246.0,16.0,24.0,0.0,0.0,0.0,23.0,24.0,0.0,9.84,1.0,0,0,0,1,0,0,0,0,0,0,0,0,1,0,0,0,1,0,0,0,0,0
203,155.0,14.0,31.0,0.0,2.0,0.0,25.0,1.0,0.0,12.916666666666666,1.0,0,0,0,1,0,0,0,0,0,0,0,0,1,0,0,0,0,0,1,0,0,0
204,225.0,9.0,37.0,0.0,1.0,2.0,24.0,2.0,0.0,8.653846153846153,0.0,0,0,0,1,0,0,0,0,0,0,0,0,0,1,0,0,0,0,1,0,0,0
205,260.0,11.0,5.0,0.0,4.0,0.0,23.0,4.0,0.0,5.2,1.0,0,0,0,1,0,0,0,0,0,0,0,0,0,1,0,0,0,0,1,0,0,0
206,179.0,18.0,27.0,0.0,0.0,0.0,31.0,24.0,0.0,3.5098039215686274,1.0,0,0,0,1,0,0,0,0,0,0,0,0,1,0,0,0,1,0,0,0,0,0
207,117.99999999999999,18.0,5.0,0.0,1.0,0.0,31.0,1.0,0.0,9.076923076923077,1.0,0,0,0,1,0,0,0,0,0,0,0,0,1,0,0,0,0,0,1,0,0,0
208,291.0,12.0,25.0,0.0,1.0,1.0,25.0,3.0,0.0,9.387096774193548,1.0,0,0,0,1,0,0,0,0,0,0,0,0,0,1,0,0,0,0,1,0,0,0
209,246.0,16.0,24.0,0.0,0.0,0.0,23.0,8.0,0.0,9.84,1.0,0,0,0,1,0,0,0,0,0,0,0,0,0,1,0,1,0,0,0,0,0,0
210,291.0,12.0,25.0,0.0,1.0,1.0,25.0,1.0,0.0,9.387096774193548,1.0,0,0,0,1,0,0,0,0,0,0,0,0,0,1,0,0,0,0,1,0,0,0
211,248.0,14.0,18.0,0.0,2.0,1.0,32.0,8.0,0.0,9.92,0.0,0,0,0,1,0,0,0,0,0,0,0,0,0,1,0,0,0,0,1,0,0,0
212,260.0,11.0,29.0,0.0,4.0,0.0,23.0,30.0,0.0,5.2,1.0,0,0,0,1,0,0,0,0,0,0,0,0,0,1,0,1,0,0,0,0,0,0
213,289.0,13.0,32.0,0.0,2.0,1.0,30.0,8.0,0.0,8.027777777777779,1.0,0,0,0,1,0,0,0,0,0,0,0,0,1,0,0,1,0,0,0,0,0,0
214,155.0,14.0,31.0,0.0,2.0,0.0,25.0,24.0,0.0,12.916666666666666,1.0,0,0,0,1,0,0,0,0,0,0,0,0,1,0,0,1,0,0,0,0,0,0
215,378.0,11.0,29.0,0.0,2.0,4.0,21.0,8.0,0.0,7.714285714285714,1.0,0,0,0,1,0,0,0,0,0,0,0,0,1,0,0,1,0,0,0,0,0,0
216,289.0,13.0,32.0,0.0,2.0,1.0,30.0,16.0,0.0,8.027777777777779,1.0,0,0,0,1,0,0,0,0,0,0,0,0,1,0,0,0,1,0,0,0,0,0
217,235.0,14.0,28.0,0.0,1.0,1.0,29.0,3.0,1.0,21.363636363636363,0.0,0,0,0,1,0,0,0,0,0,0,0,0,0,1,0,1,0,0,0,0,0,0
218,235.0,12.0,17.0,1.0,1.0,4.0,33.0,0.0,0.0,8.10344827586207,1.0,0,0,0,1,0,0,0,0,0,0,0,0,0,1,0,0,0,0,0,0,0,1
219,289.0,13.0,5.0,0.0,2.0,1.0,30.0,8.0,0.0,8.027777777777779,1.0,0,0,0,0,1,0,0,0,0,0,0,0,1,0,0,0,1,0,0,0,0,0
220,155.0,14.0,31.0,0.0,2.0,0.0,25.0,2.0,0.0,12.916666666666666,1.0,0,0,0,0,1,0,0,0,0,0,0,0,1,0,0,0,0,0,1,0,0,0
221,155.0,14.0,31.0,0.0,2.0,0.0,25.0,1.0,0.0,12.916666666666666,1.0,0,0,0,0,1,0,0,0,0,0,0,0,0,1,0,0,0,0,1,0,0,0
222,179.0,18.0,27.0,0.0,0.0,0.0,31.0,8.0,0.0,3.5098039215686274,1.0,0,0,0,0,1,0,0,0,0,0,0,0,1,0,0,1,0,0,0,0,0,0
223,225.0,9.0,37.0,0.0,1.0,2.0,24.0,8.0,0.0,8.653846153846153,0.0,0,0,0,0,1,0,0,0,0,0,0,0,1,0,0,1,0,0,0,0,0,0
224,184.0,7.0,38.0,0.0,0.0,0.0,21.0,4.0,0.0,4.380952380952381,0.0,0,0,0,0,1,0,0,0,0,0,0,0,1,0,0,1,0,0,0,0,0,0
225,155.0,14.0,5.0,0.0,2.0,0.0,25.0,2.0,0.0,12.916666666666666,1.0,0,0,0,0,1,0,0,0,0,0,0,0,0,1,0,0,0,0,1,0,0,0
226,179.0,18.0,27.0,0.0,0.0,0.0,31.0,1.0,0.0,3.5098039215686274,1.0,0,0,0,0,1,0,0,0,0,0,0,0,1,0,0,1,0,0,0,0,0,0
227,289.0,13.0,32.0,0.0,2.0,1.0,30.0,24.0,0.0,8.027777777777779,1.0,0,0,0,0,1,0,0,0,0,0,0,0,1,0,0,0,1,0,0,0,0,0
228,279.0,14.0,26.0,1.0,2.0,0.0,24.0,0.0,0.0,30.0,1.0,0,0,0,0,1,0,0,0,0,0,0,0,1,0,0,0,0,0,0,0,0,1
229,330.0,4.0,37.0,1.0,0.0,0.0,25.0,0.0,1.0,20.625,0.0,0,0,0,0,1,0,0,0,0,0,0,0,1,0,0,0,0,0,0,0,0,1
230,378.0,11.0,29.0,1.0,2.0,4.0,21.0,0.0,0.0,7.714285714285714,1.0,0,0,0,0,1,0,0,0,0,0,0,0,1,0,0,0,0,0,0,0,0,1
231,388.0,12.0,15.0,1.0,0.0,0.0,24.0,0.0,0.0,25.866666666666667,0.0,0,0,0,0,1,0,0,0,0,0,0,0,1,0,0,0,0,0,0,0,0,1
232,179.0,18.0,27.0,0.0,0.0,0.0,31.0,1.0,0.0,3.5098039215686274,1.0,0,0,0,0,1,0,0,0,0,0,0,0,1,0,0,1,0,0,0,0,0,0
233,117.99999999999999,18.0,15.0,0.0,1.0,0.0,31.0,24.0,0.0,9.076923076923077,1.0,0,0,0,0,1,0,0,0,0,0,0,0,1,0,0,0,1,0,0,0,0,0
234,361.0,3.0,37.0,0.0,1.0,4.0,27.0,8.0,0.0,6.9423076923076925,1.0,0,0,0,0,1,0,0,0,0,0,0,0,0,1,0,0,0,0,1,0,0,0
235,246.0,16.0,24.0,0.0,0.0,0.0,23.0,8.0,0.0,9.84,1.0,0,0,0,0,0,1,0,0,0,0,0,0,0,1,0,1,0,0,0,0,0,0
236,361.0,3.0,37.0,0.0,1.0,4.0,27.0,8.0,0.0,6.9423076923076925,1.0,0,0,0,0,0,1,0,0,0,0,0,0,0,1,0,0,0,0,1,0,0,0
237,246.0,16.0,24.0,0.0,0.0,0.0,23.0,24.0,0.0,9.84,1.0,0,0,0,0,0,1,0,0,0,0,0,0,1,0,0,1,0,0,0,0,0,0
238,291.0,12.0,25.0,0.0,1.0,1.0,25.0,4.0,0.0,9.387096774193548,1.0,0,0,0,0,0,1,0,0,0,0,0,0,1,0,0,0,0,0,1,0,0,0
239,246.0,16.0,24.0,0.0,0.0,0.0,23.0,8.0,0.0,9.84,1.0,0,0,0,0,0,1,0,0,0,0,0,0,0,1,0,1,0,0,0,0,0,0
240,179.0,18.0,27.0,0.0,0.0,0.0,31.0,8.0,0.0,3.5098039215686274,1.0,0,0,0,0,0,1,0,0,0,0,0,0,0,1,0,1,0,0,0,0,0,0
241,155.0,14.0,31.0,0.0,2.0,0.0,25.0,4.0,0.0,12.916666666666666,1.0,0,0,0,0,0,1,0,0,0,0,0,0,0,1,0,0,0,0,1,0,0,0
242,246.0,16.0,24.0,0.0,0.0,0.0,23.0,8.0,0.0,9.84,1.0,0,0,0,0,0,1,0,0,0,0,0,0,0,1,0,1,0,0,0,0,0,0
243,117.99999999999999,18.0,15.0,0.0,1.0,0.0,31.0,8.0,0.0,9.076923076923077,1.0,0,0,0,0,0,1,0,0,0,0,0,0,1,0,0,0,1,0,0,0,0,0
244,235.0,14.0,28.0,0.0,1.0,1.0,29.0,16.0,1.0,21.363636363636363,0.0,0,0,0,0,0,1,0,0,0,0,0,0,0,1,0,0,1,0,0,0,0,0
245,117.99999999999999,18.0,15.0,0.0,1.0,0.0,31.0,1.0,0.0,9.076923076923077,1.0,0,0,0,0,0,1,0,0,0,0,0,0,1,0,0,0,0,0,1,0,0,0
246,117.99999999999999,18.0,15.0,0.0,1.0,0.0,31.0,30.0,0.0,9.076923076923077,1.0,0,0,0,0,0,1,0,0,0,0,0,0,1,0,0,0,1,0,0,0,0,0
247,117.99999999999999,18.0,15.0,0.0,1.0,0.0,31.0,30.0,0.0,9.076923076923077,1.0,0,0,0,0,1,0,0,0,0,0,0,0,1,0,0,0,0,0,0,0,0,1
248,378.0,11.0,29.0,0.0,2.0,4.0,21.0,8.0,0.0,7.714285714285714,1.0,0,0,0,0,0,1,0,0,0,0,0,0,1,0,0,0,0,0,1,0,0,0
249,179.0,18.0,27.0,0.0,0.0,0.0,31.0,2.0,0.0,3.5098039215686274,1.0,0,0,0,0,0,1,0,0,0,0,0,0,0,1,0,1,0,0,0,0,0,0
250,179.0,18.0,27.0,0.0,0.0,0.0,31.0,2.0,0.0,3.5098039215686274,1.0,0,0,0,1,0,0,0,0,0,0,0,0,1,0,0,0,0,0,0,0,0,1
251,289.0,29.0,16.0,0.0,0.0,2.0,36.0,2.0,0.0,6.020833333333333,0.0,0,0,0,0,0,1,0,0,0,0,0,0,0,1,0,0,0,0,1,0,0,0
252,225.0,9.0,5.0,0.0,1.0,2.0,24.0,2.0,0.0,8.653846153846153,0.0,0,0,0,0,0,1,0,0,0,0,0,0,1,0,0,0,0,0,1,0,0,0
253,155.0,14.0,31.0,0.0,2.0,0.0,25.0,16.0,0.0,12.916666666666666,1.0,0,0,0,0,0,0,1,0,0,0,0,0,1,0,0,1,0,0,0,0,0,0
254,117.99999999999999,18.0,15.0,0.0,1.0,0.0,31.0,8.0,0.0,9.076923076923077,1.0,0,0,0,0,0,0,1,0,0,0,0,0,1,0,0,1,0,0,0,0,0,0
255,117.99999999999999,10.0,28.0,0.0,0.0,0.0,28.0,8.0,0.0,11.8,0.0,0,0,0,0,0,0,1,0,0,0,0,0,0,1,0,0,0,0,0,1,0,0
256,117.99999999999999,10.0,28.0,0.0,0.0,0.0,28.0,4.0,0.0,11.8,0.0,0,0,0,0,0,0,1,0,0,0,0,0,0,1,0,0,0,0,0,0,1,0
257,330.0,4.0,37.0,0.0,0.0,0.0,25.0,8.0,1.0,20.625,0.0,0,0,0,0,0,0,1,0,0,0,0,0,1,0,0,0,0,0,0,0,1,0
258,179.0,9.0,35.0,0.0,0.0,0.0,19.0,8.0,1.0,6.884615384615385,0.0,0,0,0,0,0,0,1,0,0,0,0,0,1,0,0,1,0,0,0,0,0,0
259,155.0,14.0,31.0,0.0,2.0,0.0,25.0,2.0,0.0,12.916666666666666,1.0,0,0,0,0,0,0,1,0,0,0,0,0,0,1,0,0,0,0,1,0,0,0
260,330.0,4.0,37.0,0.0,0.0,0.0,25.0,8.0,1.0,20.625,0.0,0,0,0,0,0,0,1,0,0,0,0,0,0,1,0,1,0,0,0,0,0,0
261,330.0,4.0,37.0,0.0,0.0,0.0,25.0,8.0,1.0,20.625,0.0,0,0,0,0,0,0,1,0,0,0,0,0,1,0,0,1,0,0,0,0,0,0
262,157.0,6.0,36.0,0.0,0.0,0.0,22.0,3.0,0.0,5.814814814814815,1.0,0,0,0,0,0,0,1,0,0,0,0,0,0,1,0,0,0,0,1,0,0,0
263,361.0,3.0,37.0,0.0,1.0,4.0,27.0,8.0,0.0,6.9423076923076925,1.0,0,0,0,0,0,0,1,0,0,0,0,0,1,0,0,0,0,0,1,0,0,0
264,289.0,13.0,32.0,0.0,2.0,1.0,30.0,8.0,0.0,8.027777777777779,1.0,0,0,0,0,0,0,1,0,0,0,0,0,1,0,0,0,0,0,0,0,1,0
265,179.0,18.0,27.0,0.0,0.0,0.0,31.0,8.0,0.0,3.5098039215686274,1.0,0,0,0,0,0,0,1,0,0,0,0,0,1,0,0,0,0,0,0,0,1,0
266,289.0,13.0,32.0,0.0,2.0,1.0,30.0,30.0,0.0,8.027777777777779,1.0,0,0,0,0,0,0,1,0,0,0,0,0,0,1,0,1,0,0,0,0,0,0
267,289.0,13.0,32.0,0.0,2.0,1.0,30.0,8.0,0.0,8.027777777777779,1.0,0,0,0,0,0,0,1,0,0,0,0,0,1,0,0,1,0,0,0,0,0,0
268,260.0,11.0,29.0,1.0,4.0,0.0,23.0,0.0,0.0,5.2,1.0,0,0,0,0,0,0,1,0,0,0,0,0,1,0,0,0,0,0,0,0,0,1
269,260.0,11.0,29.0,1.0,4.0,0.0,23.0,0.0,0.0,5.2,1.0,0,0,0,0,0,0,1,0,0,0,0,0,1,0,0,0,0,0,0,0,0,1
270,289.0,13.0,32.0,0.0,2.0,1.0,30.0,8.0,0.0,8.027777777777779,1.0,0,0,0,0,0,0,0,1,0,0,0,0,0,1,0,1,0,0,0,0,0,0
271,157.0,6.0,36.0,0.0,0.0,0.0,22.0,3.0,0.0,5.814814814814815,1.0,0,0,0,0,0,0,0,1,0,0,0,0,0,1,0,1,0,0,0,0,0,0
272,289.0,13.0,32.0,0.0,2.0,1.0,30.0,1.0,0.0,8.027777777777779,1.0,0,0,0,0,0,0,0,1,0,0,0,0,0,1,0,0,0,0,1,0,0,0
273,228.0,16.0,7.0,0.0,2.0,1.0,22.0,8.0,0.0,16.285714285714285,0.0,0,0,0,0,0,0,0,1,0,0,0,0,1,0,0,1,0,0,0,0,0,0
274,300.0,13.0,22.0,0.0,2.0,1.0,25.0,1.0,0.0,11.538461538461538,1.0,0,0,0,0,0,0,0,1,0,0,0,0,1,0,0,0,1,0,0,0,0,0
275,300.0,13.0,22.0,0.0,2.0,1.0,25.0,2.0,0.0,11.538461538461538,1.0,0,0,0,0,0,0,0,1,0,0,0,0,1,0,0,1,0,0,0,0,0,0
276,260.0,11.0,29.0,0.0,4.0,0.0,23.0,4.0,0.0,5.2,1.0,0,0,0,0,0,0,0,1,0,0,0,0,0,1,0,0,0,0,1,0,0,0
277,289.0,13.0,32.0,0.0,2.0,1.0,30.0,4.0,0.0,8.027777777777779,1.0,0,0,0,0,0,0,0,1,0,0,0,0,1,0,0,0,0,0,1,0,0,0
278,289.0,13.0,32.0,0.0,2.0,1.0,30.0,4.0,0.0,8.027777777777779,1.0,0,0,0,0,1,0,0,0,0,0,0,0,1,0,0,0,0,0,0,0,0,1
279,248.0,14.0,18.0,0.0,2.0,1.0,32.0,1.0,0.0,9.92,0.0,0,0,0,0,0,0,0,1,0,0,0,0,1,0,0,0,0,0,1,0,0,0
280,268.0,8.0,32.0,0.0,0.0,0.0,25.0,8.0,1.0,24.363636363636367,0.0,0,0,0,0,0,0,0,1,0,0,0,0,1,0,0,1,0,0,0,0,0,0
281,179.0,9.0,35.0,0.0,0.0,0.0,19.0,1.0,1.0,6.884615384615385,0.0,0,0,0,0,0,0,0,1,0,0,0,0,1,0,0,0,0,0,1,0,0,0
282,117.99999999999999,18.0,15.0,0.0,1.0,0.0,31.0,3.0,0.0,9.076923076923077,1.0,0,0,0,0,0,0,0,1,0,0,0,0,1,0,0,0,1,0,0,0,0,0
283,248.0,14.0,18.0,0.0,2.0,1.0,32.0,2.0,0.0,9.92,0.0,0,0,0,0,0,0,0,1,0,0,0,0,0,1,0,0,0,0,1,0,0,0
284,235.0,14.0,28.0,0.0,1.0,1.0,29.0,1.0,1.0,21.363636363636363,0.0,0,0,0,0,0,0,0,1,0,0,0,0,1,0,0,0,0,0,1,0,0,0
285,117.99999999999999,18.0,15.0,0.0,1.0,0.0,31.0,1.0,0.0,9.076923076923077,1.0,0,0,0,0,0,0,0,1,0,0,0,0,1,0,0,0,0,0,1,0,0,0
286,235.0,14.0,28.0,0.0,1.0,1.0,29.0,8.0,1.0,21.363636363636363,0.0,0,0,0,0,0,0,0,1,0,0,0,0,1,0,0,1,0,0,0,0,0,0
287,361.0,3.0,37.0,0.0,1.0,4.0,27.0,8.0,0.0,6.9423076923076925,1.0,0,0,0,0,0,0,0,1,0,0,0,0,1,0,0,1,0,0,0,0,0,0
288,184.0,7.0,38.0,0.0,0.0,0.0,21.0,8.0,0.0,4.380952380952381,0.0,0,0,0,0,0,0,0,1,0,0,0,0,1,0,0,0,1,0,0,0,0,0
289,179.0,18.0,27.0,0.0,0.0,0.0,31.0,8.0,0.0,3.5098039215686274,1.0,0,0,0,0,0,0,0,0,1,0,0,0,0,1,0,1,0,0,0,0,0,0
290,179.0,18.0,27.0,0.0,0.0,0.0,31.0,3.0,0.0,3.5098039215686274,1.0,0,0,0,0,0,0,0,0,1,0,0,0,0,1,0,0,0,0,1,0,0,0
291,289.0,13.0,32.0,0.0,2.0,1.0,30.0,24.0,0.0,8.027777777777779,1.0,0,0,0,0,0,0,0,0,1,0,0,0,1,0,0,1,0,0,0,0,0,0
292,289.0,13.0,32.0,0.0,2.0,1.0,30.0,24.0,0.0,8.027777777777779,1.0,0,0,0,0,0,0,1,0,0,0,0,0,1,0,0,0,0,0,0,0,0,1
293,235.0,13.0,22.0,1.0,1.0,0.0,38.0,0.0,0.0,11.75,1.0,0,0,0,0,0,0,0,0,1,0,0,0,1,0,0,0,0,0,0,0,0,1
294,246.0,16.0,24.0,0.0,0.0,0.0,23.0,16.0,0.0,9.84,1.0,0,0,0,0,0,0,0,0,1,0,0,0,0,1,0,0,1,0,0,0,0,0
295,246.0,16.0,24.0,0.0,0.0,0.0,23.0,16.0,0.0,9.84,1.0,0,0,0,0,0,1,0,0,0,0,0,0,1,0,0,0,0,0,0,0,0,1
296,291.0,12.0,25.0,0.0,1.0,1.0,25.0,3.0,0.0,9.387096774193548,1.0,0,0,0,0,0,0,0,0,1,0,0,0,1,0,0,0,0,0,1,0,0,0
297,231.0,14.0,26.0,1.0,2.0,2.0,35.0,0.0,0.0,6.6,1.0,0,0,0,0,0,0,0,0,1,0,0,0,1,0,0,0,0,0,0,0,0,1
298,291.0,12.0,33.0,1.0,0.0,0.0,23.0,0.0,0.0,5.82,1.0,0,0,0,0,0,0,0,0,1,0,0,0,1,0,0,0,0,0,0,0,0,1
299,179.0,18.0,27.0,0.0,0.0,0.0,31.0,8.0,0.0,3.5098039215686274,1.0,0,0,0,0,0,0,0,0,1,0,0,0,1,0,0,0,1,0,0,0,0,0
300,246.0,16.0,24.0,0.0,0.0,0.0,23.0,30.0,0.0,9.84,1.0,0,0,0,0,0,0,0,0,1,0,0,0,1,0,0,0,1,0,0,0,0,0
301,246.0,16.0,24.0,0.0,0.0,0.0,23.0,30.0,0.0,9.84,1.0,0,0,0,0,0,1,0,0,0,0,0,0,1,0,0,0,0,0,0,0,0,1
302,179.0,18.0,27.0,0.0,0.0,0.0,31.0,1.0,0.0,3.5098039215686274,1.0,0,0,0,0,0,0,0,0,1,0,0,0,1,0,0,0,0,0,1,0,0,0
303,291.0,12.0,25.0,0.0,1.0,1.0,25.0,4.0,0.0,9.387096774193548,1.0,0,0,0,0,0,0,0,0,1,0,0,0,0,1,0,0,0,0,1,0,0,0
304,260.0,11.0,5.0,0.0,4.0,0.0,23.0,4.0,0.0,5.2,1.0,0,0,0,0,0,0,0,0,1,0,0,0,0,1,0,0,0,0,1,0,0,0
305,235.0,13.0,22.0,0.0,1.0,0.0,38.0,8.0,0.0,11.75,1.0,0,0,0,0,0,0,0,0,1,0,0,0,1,0,0,0,0,0,0,0,1,0
306,235.0,13.0,22.0,0.0,1.0,0.0,38.0,8.0,0.0,11.75,1.0,0,0,0,0,0,0,1,0,0,0,0,0,1,0,0,0,0,0,0,0,0,1
307,117.99999999999999,18.0,15.0,0.0,1.0,0.0,31.0,1.0,0.0,9.076923076923077,1.0,0,0,0,0,0,0,0,0,1,0,0,0,1,0,0,0,0,0,1,0,0,0
308,235.0,13.0,22.0,1.0,1.0,0.0,38.0,0.0,0.0,11.75,1.0,0,0,0,0,0,0,0,0,1,0,0,0,1,0,0,0,0,0,0,0,0,1
309,291.0,12.0,25.0,0.0,1.0,1.0,25.0,3.0,0.0,9.387096774193548,1.0,0,0,0,0,0,0,0,0,1,0,0,0,0,1,0,0,0,0,1,0,0,0
310,291.0,12.0,25.0,0.0,1.0,1.0,25.0,30.0,0.0,9.387096774193548,1.0,0,0,0,0,0,0,0,0,1,0,0,0,0,1,0,1,0,0,0,0,0,0
311,179.0,18.0,5.0,0.0,0.0,0.0,31.0,8.0,0.0,3.5098039215686274,1.0,0,0,0,0,0,0,0,0,1,0,0,0,0,1,0,0,1,0,0,0,0,0
312,289.0,13.0,32.0,0.0,2.0,1.0,30.0,8.0,0.0,8.027777777777779,1.0,0,0,0,0,0,0,0,0,0,1,0,0,0,1,0,0,0,0,1,0,0,0
313,235.0,14.0,28.0,0.0,1.0,1.0,29.0,4.0,1.0,21.363636363636363,0.0,0,0,0,0,0,0,0,0,0,1,0,0,0,1,0,0,0,0,0,0,1,0
314,289.0,13.0,32.0,0.0,2.0,1.0,30.0,8.0,0.0,8.027777777777779,1.0,0,0,0,0,0,0,0,0,0,1,0,0,0,1,0,0,0,0,0,0,1,0
315,289.0,13.0,32.0,0.0,2.0,1.0,30.0,8.0,0.0,8.027777777777779,1.0,0,0,0,0,0,0,0,0,0,1,0,0,0,1,0,0,0,0,1,0,0,0
316,117.99999999999999,18.0,15.0,1.0,1.0,0.0,31.0,0.0,0.0,9.076923076923077,1.0,0,0,0,0,0,0,0,0,0,1,0,0,0,1,0,0,0,0,0,0,0,1
317,248.0,14.0,18.0,1.0,2.0,1.0,32.0,0.0,0.0,9.92,0.0,0,0,0,0,0,0,0,0,0,1,0,0,0,1,0,0,0,0,0,0,0,1
318,179.0,9.0,35.0,0.0,0.0,0.0,19.0,8.0,1.0,6.884615384615385,0.0,0,0,0,0,0,0,0,0,0,1,0,0,0,1,0,1,0,0,0,0,0,0
319,117.99999999999999,10.0,28.0,0.0,0.0,0.0,28.0,3.0,0.0,11.8,0.0,0,0,0,0,0,0,0,0,0,1,0,0,0,1,0,1,0,0,0,0,0,0
320,369.0,12.0,34.0,0.0,3.0,0.0,25.0,8.0,0.0,21.705882352941174,1.0,0,0,0,0,0,0,0,0,0,1,0,0,0,1,0,0,0,0,1,0,0,0
321,179.0,18.0,27.0,0.0,0.0,0.0,31.0,1.0,0.0,3.5098039215686274,1.0,0,0,0,0,0,0,0,0,0,1,0,0,1,0,0,0,0,0,1,0,0,0
322,179.0,9.0,35.0,0.0,0.0,0.0,19.0,30.0,1.0,6.884615384615385,0.0,0,0,0,0,0,0,0,0,0,1,0,0,1,0,0,1,0,0,0,0,0,0
323,235.0,13.0,22.0,1.0,1.0,0.0,38.0,0.0,0.0,11.75,1.0,0,0,0,0,0,0,0,0,0,1,0,0,1,0,0,0,0,0,0,0,0,1
324,289.0,13.0,32.0,0.0,2.0,1.0,30.0,16.0,0.0,8.027777777777779,1.0,0,0,0,0,0,0,0,0,0,1,0,0,1,0,0,1,0,0,0,0,0,0
325,260.0,11.0,29.0,0.0,4.0,0.0,23.0,3.0,0.0,5.2,1.0,0,0,0,0,0,0,0,0,0,1,0,0,0,1,0,0,0,0,1,0,0,0
326,235.0,13.0,22.0,1.0,1.0,0.0,38.0,0.0,0.0,11.75,1.0,0,0,0,0,0,0,0,0,0,1,0,0,0,1,0,0,0,0,0,0,0,1
327,235.0,13.0,22.0,0.0,1.0,0.0,38.0,2.0,0.0,11.75,1.0,0,0,0,0,0,0,0,0,0,1,0,0,0,1,0,0,0,0,1,0,0,0
329,117.99999999999999,18.0,15.0,0.0,1.0,0.0,31.0,1.0,0.0,9.076923076923077,1.0,0,0,0,0,0,0,0,0,0,1,0,0,1,0,0,0,0,0,1,0,0,0
330,291.0,12.0,25.0,0.0,1.0,1.0,25.0,4.0,0.0,9.387096774193548,1.0,0,0,0,0,0,0,0,0,0,1,0,0,1,0,0,0,0,0,1,0,0,0
331,179.0,9.0,35.0,0.0,0.0,0.0,19.0,16.0,1.0,6.884615384615385,0.0,0,0,0,0,0,0,0,0,0,1,0,0,1,0,0,0,0,0,1,0,0,0
332,117.99999999999999,18.0,15.0,0.0,1.0,0.0,31.0,1.0,0.0,9.076923076923077,1.0,0,0,0,0,0,0,0,0,0,1,0,0,1,0,0,0,0,0,1,0,0,0
333,361.0,3.0,37.0,0.0,1.0,4.0,27.0,8.0,0.0,6.9423076923076925,1.0,0,0,0,0,0,0,0,0,0,1,0,0,0,1,0,1,0,0,0,0,0,0
334,260.0,11.0,29.0,1.0,4.0,0.0,23.0,0.0,0.0,5.2,1.0,0,0,0,0,0,0,0,0,0,1,0,0,1,0,0,0,0,0,0,0,0,1
335,291.0,12.0,25.0,1.0,1.0,1.0,25.0,0.0,0.0,9.387096774193548,1.0,0,0,0,0,0,0,0,0,0,1,0,0,1,0,0,0,0,0,0,0,0,1
336,157.0,6.0,36.0,1.0,0.0,0.0,22.0,0.0,0.0,5.814814814814815,1.0,0,0,0,0,0,0,0,0,0,1,0,0,1,0,0,0,0,0,0,0,0,1
337,179.0,9.0,35.0,0.0,0.0,0.0,19.0,5.0,1.0,6.884615384615385,0.0,0,0,0,0,0,0,0,0,0,1,0,0,1,0,0,1,0,0,0,0,0,0
338,179.0,9.0,35.0,0.0,0.0,0.0,19.0,5.0,1.0,6.884615384615385,0.0,0,0,0,0,0,0,0,0,0,1,0,0,1,0,0,1,0,0,0,0,0,0
339,117.99999999999999,18.0,15.0,0.0,1.0,0.0,31.0,1.0,0.0,9.076923076923077,1.0,0,0,0,0,0,0,0,0,0,1,0,0,1,0,0,0,0,0,1,0,0,0
340,117.99999999999999,10.0,28.0,0.0,0.0,0.0,28.0,8.0,0.0,11.8,0.0,0,0,0,0,0,0,0,0,0,0,1,0,0,1,0,1,0,0,0,0,0,0
341,248.0,14.0,18.0,0.0,2.0,1.0,32.0,2.0,0.0,9.92,0.0,0,0,0,0,0,0,0,0,0,0,1,0,0,1,0,0,0,0,1,0,0,0
342,179.0,18.0,27.0,0.0,0.0,0.0,31.0,8.0,0.0,3.5098039215686274,1.0,0,0,0,0,0,0,0,0,0,0,1,0,1,0,0,0,1,0,0,0,0,0
343,260.0,11.0,29.0,0.0,4.0,0.0,23.0,3.0,0.0,5.2,1.0,0,0,0,0,0,0,0,0,0,0,1,0,0,1,0,0,0,0,1,0,0,0
344,260.0,11.0,29.0,0.0,4.0,0.0,23.0,3.0,0.0,5.2,1.0,0,0,0,0,0,0,0,1,0,0,0,0,1,0,0,0,0,0,0,0,0,1
345,291.0,12.0,25.0,0.0,1.0,1.0,25.0,1.0,0.0,9.387096774193548,1.0,0,0,0,0,0,0,0,0,0,0,1,0,0,1,0,0,0,0,1,0,0,0
346,378.0,11.0,29.0,0.0,2.0,4.0,21.0,8.0,0.0,7.714285714285714,1.0,0,0,0,0,0,0,0,0,0,0,1,0,0,1,0,1,0,0,0,0,0,0
347,155.0,14.0,31.0,0.0,2.0,0.0,25.0,30.0,0.0,12.916666666666666,1.0,0,0,0,0,0,0,0,0,0,0,1,0,0,1,0,1,0,0,0,0,0,0
348,235.0,13.0,22.0,0.0,1.0,0.0,38.0,8.0,0.0,11.75,1.0,0,0,0,0,0,0,0,0,0,0,1,0,0,1,0,0,0,0,0,0,1,0
349,330.0,4.0,37.0,1.0,0.0,0.0,25.0,0.0,1.0,20.625,0.0,0,0,0,0,0,0,0,0,0,0,1,0,1,0,0,0,0,0,0,0,0,1
350,235.0,14.0,28.0,0.0,1.0,1.0,29.0,1.0,1.0,21.363636363636363,0.0,0,0,0,0,0,0,0,0,0,0,1,0,1,0,0,1,0,0,0,0,0,0
351,117.99999999999999,10.0,28.0,0.0,0.0,0.0,28.0,3.0,0.0,11.8,0.0,0,0,0,0,0,0,0,0,0,0,1,0,1,0,0,1,0,0,0,0,0,0
352,235.0,14.0,28.0,0.0,1.0,1.0,29.0,2.0,1.0,21.363636363636363,0.0,0,0,0,0,0,0,0,0,0,0,1,0,1,0,0,0,0,0,1,0,0,0
353,179.0,18.0,27.0,0.0,0.0,0.0,31.0,3.0,0.0,3.5098039215686274,1.0,0,0,0,0,0,0,0,0,0,0,1,0,1,0,0,0,0,0,1,0,0,0
354,246.0,16.0,24.0,0.0,0.0,0.0,23.0,8.0,0.0,9.84,1.0,0,0,0,0,0,0,0,0,0,0,1,0,0,1,0,0,1,0,0,0,0,0
355,291.0,12.0,25.0,0.0,1.0,1.0,25.0,4.0,0.0,9.387096774193548,1.0,0,0,0,0,0,0,0,0,0,0,1,0,0,1,0,1,0,0,0,0,0,0
356,246.0,16.0,24.0,0.0,0.0,0.0,23.0,8.0,0.0,9.84,1.0,0,0,0,0,0,0,0,0,0,0,1,0,0,1,0,0,1,0,0,0,0,0
357,179.0,18.0,27.0,0.0,0.0,0.0,31.0,1.0,0.0,3.5098039215686274,1.0,0,0,0,0,0,0,0,0,0,0,1,0,1,0,0,0,0,0,1,0,0,0
358,260.0,11.0,5.0,0.0,4.0,0.0,23.0,8.0,0.0,5.2,1.0,0,0,0,0,0,0,0,0,0,0,1,0,1,0,0,1,0,0,0,0,0,0
359,260.0,11.0,29.0,0.0,4.0,0.0,23.0,8.0,0.0,5.2,1.0,0,0,0,0,0,0,0,0,0,0,1,0,0,1,0,0,0,1,0,0,0,0
360,378.0,11.0,29.0,1.0,2.0,4.0,21.0,0.0,0.0,7.714285714285714,1.0,0,0,0,0,0,0,0,0,0,0,1,0,0,1,0,0,0,0,0,0,0,1
361,279.0,14.0,26.0,1.0,2.0,0.0,24.0,0.0,0.0,30.0,1.0,0,0,0,0,0,0,0,0,0,0,1,0,1,0,0,0,0,0,0,0,0,1
362,179.0,18.0,27.0,0.0,0.0,0.0,31.0,1.0,0.0,3.5098039215686274,1.0,0,0,0,0,0,0,0,0,0,0,1,0,1,0,0,0,0,0,1,0,0,0
363,225.0,9.0,5.0,0.0,1.0,2.0,24.0,3.0,0.0,8.653846153846153,0.0,0,0,0,0,0,0,0,0,0,0,0,1,0,1,0,1,0,0,0,0,0,0
364,179.0,18.0,27.0,0.0,0.0,0.0,31.0,2.0,0.0,3.5098039215686274,1.0,0,0,0,0,0,0,0,0,0,0,0,1,0,1,0,0,0,0,1,0,0,0
366,179.0,18.0,27.0,0.0,0.0,0.0,31.0,1.0,0.0,3.5098039215686274,1.0,0,0,0,0,0,0,0,0,0,0,0,1,0,1,0,0,0,0,1,0,0,0
367,235.0,14.0,28.0,0.0,1.0,1.0,29.0,3.0,1.0,21.363636363636363,0.0,0,0,0,0,0,0,0,0,0,0,0,1,0,1,0,0,0,0,1,0,0,0
368,117.99999999999999,18.0,15.0,0.0,1.0,0.0,31.0,1.0,0.0,9.076923076923077,1.0,0,0,0,0,0,0,0,0,0,0,0,1,1,0,0,0,0,0,1,0,0,0
369,260.0,11.0,29.0,0.0,4.0,0.0,23.0,4.0,0.0,5.2,1.0,0,0,0,0,0,0,0,0,0,0,0,1,0,1,0,0,0,0,1,0,0,0
370,260.0,11.0,29.0,0.0,4.0,0.0,23.0,4.0,0.0,5.2,1.0,0,0,0,0,0,0,1,0,0,0,0,0,1,0,0,0,0,0,0,0,0,1
371,246.0,16.0,24.0,0.0,0.0,0.0,23.0,8.0,0.0,9.84,1.0,0,0,0,0,0,0,0,0,0,0,0,1,1,0,0,0,1,0,0,0,0,0
372,179.0,18.0,27.0,0.0,0.0,0.0,31.0,1.0,0.0,3.5098039215686274,1.0,0,0,0,0,0,0,0,0,0,0,0,1,1,0,0,0,0,0,1,0,0,0
373,179.0,18.0,27.0,0.0,0.0,0.0,31.0,1.0,0.0,3.5098039215686274,1.0,0,0,0,0,0,0,0,0,0,0,0,1,0,1,0,0,0,0,1,0,0,0
374,179.0,9.0,35.0,0.0,0.0,0.0,19.0,1.0,1.0,6.884615384615385,0.0,0,0,0,0,0,0,0,0,0,0,0,1,1,0,0,0,0,0,1,0,0,0
375,117.99999999999999,10.0,28.0,0.0,0.0,0.0,28.0,8.0,0.0,11.8,0.0,0,0,0,0,0,0,0,0,0,0,0,1,1,0,0,0,0,0,1,0,0,0
376,235.0,14.0,28.0,0.0,1.0,1.0,29.0,2.0,1.0,21.363636363636363,0.0,0,0,0,0,0,0,0,0,0,0,0,1,1,0,0,0,0,0,1,0,0,0
377,179.0,18.0,27.0,0.0,0.0,0.0,31.0,1.0,0.0,3.5098039215686274,1.0,0,0,0,0,0,0,0,0,0,0,0,1,0,1,0,0,0,0,1,0,0,0
378,235.0,13.0,22.0,0.0,1.0,0.0,38.0,8.0,0.0,11.75,1.0,0,0,0,0,0,0,0,0,0,0,0,1,1,0,0,0,1,0,0,0,0,0
379,235.0,14.0,28.0,0.0,1.0,1.0,29.0,4.0,1.0,21.363636363636363,0.0,0,0,0,0,0,0,0,0,0,0,0,1,1,0,0,1,0,0,0,0,0,0
380,260.0,11.0,29.0,0.0,4.0,0.0,23.0,8.0,0.0,5.2,1.0,0,0,0,0,0,0,0,0,0,0,0,1,1,0,0,0,0,0,0,0,1,0
381,157.0,6.0,36.0,0.0,0.0,0.0,22.0,2.0,0.0,5.814814814814815,1.0,0,0,0,0,0,0,0,0,0,0,0,1,0,1,0,0,0,0,1,0,0,0
382,179.0,18.0,27.0,0.0,0.0,0.0,31.0,3.0,0.0,3.5098039215686274,1.0,0,0,0,0,0,0,0,0,0,0,0,1,0,1,0,0,0,0,1,0,0,0
383,289.0,13.0,32.0,0.0,2.0,1.0,30.0,8.0,0.0,8.027777777777779,1.0,0,0,0,0,0,0,0,0,0,0,0,1,0,1,0,1,0,0,0,0,0,0
384,225.0,9.0,37.0,0.0,1.0,2.0,24.0,5.0,0.0,8.653846153846153,0.0,1,0,0,0,0,0,0,0,0,0,0,0,1,0,0,0,0,0,1,0,0,0
385,117.99999999999999,10.0,28.0,0.0,0.0,0.0,28.0,30.0,0.0,11.8,0.0,1,0,0,0,0,0,0,0,0,0,0,0,0,1,0,1,0,0,0,0,0,0
386,155.0,14.0,31.0,0.0,2.0,0.0,25.0,2.0,0.0,12.916666666666666,1.0,1,0,0,0,0,0,0,0,0,0,0,0,0,1,0,0,0,0,1,0,0,0
387,235.0,14.0,28.0,0.0,1.0,1.0,29.0,1.0,1.0,21.363636363636363,0.0,1,0,0,0,0,0,0,0,0,0,0,0,1,0,0,0,1,0,0,0,0,0
388,235.0,14.0,28.0,0.0,1.0,1.0,29.0,1.0,1.0,21.363636363636363,0.0,0,0,0,0,0,0,0,0,1,0,0,0,1,0,0,0,0,0,0,0,0,1
389,155.0,14.0,31.0,0.0,2.0,0.0,25.0,4.0,0.0,12.916666666666666,1.0,1,0,0,0,0,0,0,0,0,0,0,0,1,0,0,0,0,0,1,0,0,0
390,289.0,13.0,32.0,0.0,2.0,1.0,30.0,8.0,0.0,8.027777777777779,1.0,1,0,0,0,0,0,0,0,0,0,0,0,0,1,0,0,0,0,0,0,1,0
391,291.0,12.0,25.0,0.0,1.0,1.0,25.0,8.0,0.0,9.387096774193548,1.0,1,0,0,0,0,0,0,0,0,0,0,0,1,0,0,0,1,0,0,0,0,0
392,235.0,13.0,22.0,0.0,1.0,0.0,38.0,8.0,0.0,11.75,1.0,1,0,0,0,0,0,0,0,0,0,0,0,0,1,0,0,0,0,0,0,1,0
393,117.99999999999999,18.0,15.0,0.0,1.0,0.0,31.0,4.0,0.0,9.076923076923077,1.0,1,0,0,0,0,0,0,0,0,0,0,0,0,1,0,0,0,0,0,0,1,0
394,179.0,18.0,27.0,0.0,0.0,0.0,31.0,1.0,0.0,3.5098039215686274,1.0,1,0,0,0,0,0,0,0,0,0,0,0,1,0,0,0,0,0,1,0,0,0
395,179.0,18.0,27.0,0.0,0.0,0.0,31.0,1.0,0.0,3.5098039215686274,1.0,1,0,0,0,0,0,0,0,0,0,0,0,0,1,0,0,0,0,1,0,0,0
396,117.99999999999999,10.0,28.0,0.0,0.0,0.0,28.0,2.0,0.0,11.8,0.0,0,1,0,0,0,0,0,0,0,0,0,0,1,0,0,0,0,0,1,0,0,0
397,179.0,18.0,5.0,0.0,0.0,0.0,31.0,3.0,0.0,3.5098039215686274,1.0,0,1,0,0,0,0,0,0,0,0,0,0,1,0,0,0,0,0,1,0,0,0
398,225.0,9.0,37.0,0.0,1.0,2.0,24.0,1.0,0.0,8.653846153846153,0.0,0,1,0,0,0,0,0,0,0,0,0,0,1,0,0,1,0,0,0,0,0,0
399,289.0,13.0,32.0,0.0,2.0,1.0,30.0,3.0,0.0,8.027777777777779,1.0,0,1,0,0,0,0,0,0,0,0,0,0,0,1,0,0,0,0,1,0,0,0
400,260.0,11.0,29.0,0.0,4.0,0.0,23.0,3.0,0.0,5.2,1.0,0,1,0,0,0,0,0,0,0,0,0,0,0,1,0,0,0,0,1,0,0,0
401,179.0,18.0,27.0,0.0,0.0,0.0,31.0,3.0,0.0,3.5098039215686274,1.0,0,1,0,0,0,0,0,0,0,0,0,0,0,1,0,0,0,0,1,0,0,0
402,179.0,18.0,27.0,0.0,0.0,0.0,31.0,2.0,0.0,3.5098039215686274,1.0,0,1,0,0,0,0,0,0,0,0,0,0,0,1,0,0,0,0,1,0,0,0
403,179.0,18.0,27.0,0.0,0.0,0.0,31.0,3.0,0.0,3.5098039215686274,1.0,0,1,0,0,0,0,0,0,0,0,0,0,1,0,0,0,0,0,1,0,0,0
404,179.0,18.0,27.0,0.0,0.0,0.0,31.0,8.0,0.0,3.5098039215686274,1.0,0,1,0,0,0,0,0,0,0,0,0,0,1,0,0,1,0,0,0,0,0,0
405,246.0,16.0,24.0,0.0,0.0,0.0,23.0,8.0,0.0,9.84,1.0,0,1,0,0,0,0,0,0,0,0,0,0,1,0,0,0,0,0,0,0,1,0
406,179.0,18.0,27.0,0.0,0.0,0.0,31.0,3.0,0.0,3.5098039215686274,1.0,0,1,0,0,0,0,0,0,0,0,0,0,0,1,0,0,0,0,1,0,0,0
407,189.0,13.0,32.0,0.0,2.0,2.0,25.0,8.0,0.0,6.517241379310345,0.0,0,1,0,0,0,0,0,0,0,0,0,0,0,1,0,0,0,0,1,0,0,0
408,179.0,18.0,27.0,0.0,0.0,0.0,31.0,3.0,0.0,3.5098039215686274,1.0,0,1,0,0,0,0,0,0,0,0,0,0,0,1,0,0,0,0,1,0,0,0
409,246.0,16.0,24.0,0.0,0.0,0.0,23.0,2.0,0.0,9.84,1.0,0,1,0,0,0,0,0,0,0,0,0,0,1,0,0,0,0,0,1,0,0,0
410,291.0,12.0,25.0,0.0,1.0,1.0,25.0,2.0,0.0,9.387096774193548,1.0,0,1,0,0,0,0,0,0,0,0,0,0,1,0,0,0,0,0,1,0,0,0
411,157.0,6.0,36.0,0.0,0.0,0.0,22.0,16.0,0.0,5.814814814814815,1.0,0,1,0,0,0,0,0,0,0,0,0,0,1,0,0,1,0,0,0,0,0,0
412,179.0,18.0,27.0,0.0,0.0,0.0,31.0,3.0,0.0,3.5098039215686274,1.0,0,1,0,0,0,0,0,0,0,0,0,0,1,0,0,0,0,0,1,0,0,0
413,179.0,18.0,5.0,0.0,0.0,0.0,31.0,3.0,0.0,3.5098039215686274,1.0,0,1,0,0,0,0,0,0,0,0,0,0,0,1,0,0,0,0,1,0,0,0
414,246.0,16.0,24.0,0.0,0.0,0.0,23.0,24.0,0.0,9.84,1.0,0,1,0,0,0,0,0,0,0,0,0,0,0,1,0,1,0,0,0,0,0,0
416,179.0,18.0,27.0,0.0,0.0,0.0,31.0,3.0,0.0,3.5098039215686274,1.0,0,1,0,0,0,0,0,0,0,0,0,0,0,1,0,0,0,0,1,0,0,0
417,117.99999999999999,10.0,5.0,0.0,0.0,0.0,28.0,8.0,0.0,11.8,0.0,0,0,1,0,0,0,0,0,0,0,0,0,1,0,0,1,0,0,0,0,0,0
418,246.0,16.0,24.0,0.0,0.0,0.0,23.0,16.0,0.0,9.84,1.0,0,0,1,0,0,0,0,0,0,0,0,0,1,0,0,1,0,0,0,0,0,0
419,246.0,16.0,24.0,0.0,0.0,0.0,23.0,2.0,0.0,9.84,1.0,0,0,1,0,0,0,0,0,0,0,0,0,0,1,0,0,0,0,1,0,0,0
420,260.0,11.0,29.0,0.0,4.0,0.0,23.0,4.0,0.0,5.2,1.0,0,0,1,0,0,0,0,0,0,0,0,0,0,1,0,0,0,0,1,0,0,0
421,179.0,18.0,27.0,0.0,0.0,0.0,31.0,2.0,0.0,3.5098039215686274,1.0,0,0,1,0,0,0,0,0,0,0,0,0,0,1,0,0,0,0,1,0,0,0
422,235.0,14.0,28.0,0.0,1.0,1.0,29.0,8.0,1.0,21.363636363636363,0.0,0,0,1,0,0,0,0,0,0,0,0,0,0,1,0,0,0,0,1,0,0,0
423,179.0,17.0,25.0,0.0,2.0,0.0,22.0,8.0,1.0,8.136363636363637,1.0,0,0,1,0,0,0,0,0,0,0,0,0,1,0,0,0,0,0,1,0,0,0
424,378.0,11.0,29.0,0.0,2.0,4.0,21.0,8.0,0.0,7.714285714285714,1.0,0,0,1,0,0,0,0,0,0,0,0,0,1,0,0,0,0,0,1,0,0,0
425,179.0,18.0,27.0,0.0,0.0,0.0,31.0,16.0,0.0,3.5098039215686274,1.0,0,0,1,0,0,0,0,0,0,0,0,0,0,1,0,0,0,0,1,0,0,0
426,361.0,3.0,37.0,0.0,1.0,4.0,27.0,8.0,0.0,6.9423076923076925,1.0,0,0,1,0,0,0,0,0,0,0,0,0,1,0,0,0,0,0,1,0,0,0
427,369.0,12.0,34.0,1.0,3.0,0.0,25.0,0.0,0.0,21.705882352941174,1.0,0,0,1,0,0,0,0,0,0,0,0,0,1,0,0,0,0,0,0,0,0,1
428,235.0,14.0,28.0,0.0,1.0,1.0,29.0,8.0,1.0,21.363636363636363,0.0,0,0,1,0,0,0,0,0,0,0,0,0,1,0,0,0,0,0,1,0,0,0
429,117.99999999999999,18.0,15.0,0.0,1.0,0.0,31.0,2.0,0.0,9.076923076923077,1.0,0,0,1,0,0,0,0,0,0,0,0,0,0,1,0,0,0,0,1,0,0,0
430,117.99999999999999,18.0,15.0,0.0,1.0,0.0,31.0,2.0,0.0,9.076923076923077,1.0,0,0,0,0,0,1,0,0,0,0,0,0,1,0,0,0,0,0,0,0,0,1
431,117.99999999999999,18.0,15.0,0.0,1.0,0.0,31.0,3.0,0.0,9.076923076923077,1.0,0,0,1,0,0,0,0,0,0,0,0,0,1,0,0,1,0,0,0,0,0,0
432,117.99999999999999,18.0,15.0,0.0,1.0,0.0,31.0,8.0,0.0,9.076923076923077,1.0,0,0,1,0,0,0,0,0,0,0,0,0,1,0,0,0,1,0,0,0,0,0
433,235.0,14.0,28.0,1.0,1.0,1.0,29.0,0.0,1.0,21.363636363636363,0.0,0,0,1,0,0,0,0,0,0,0,0,0,1,0,0,0,0,0,0,0,0,1
434,246.0,16.0,24.0,1.0,0.0,0.0,23.0,0.0,0.0,9.84,1.0,0,0,1,0,0,0,0,0,0,0,0,0,1,0,0,0,0,0,0,0,0,1
435,117.99999999999999,18.0,15.0,1.0,1.0,0.0,31.0,0.0,0.0,9.076923076923077,1.0,0,0,1,0,0,0,0,0,0,0,0,0,1,0,0,0,0,0,0,0,0,1
436,179.0,18.0,27.0,0.0,0.0,0.0,31.0,8.0,0.0,3.5098039215686274,1.0,0,0,1,0,0,0,0,0,0,0,0,0,0,1,0,0,0,0,1,0,0,0
437,289.0,13.0,32.0,0.0,2.0,1.0,30.0,8.0,0.0,8.027777777777779,1.0,0,0,1,0,0,0,0,0,0,0,0,0,0,1,0,0,0,0,1,0,0,0
438,260.0,11.0,29.0,0.0,4.0,0.0,23.0,8.0,0.0,5.2,1.0,0,0,1,0,0,0,0,0,0,0,0,0,0,1,0,1,0,0,0,0,0,0
439,246.0,16.0,24.0,0.0,0.0,0.0,23.0,2.0,0.0,9.84,1.0,0,0,1,0,0,0,0,0,0,0,0,0,1,0,0,0,0,0,1,0,0,0
440,179.0,18.0,27.0,0.0,0.0,0.0,31.0,4.0,0.0,3.5098039215686274,1.0,0,0,0,1,0,0,0,0,0,0,0,0,1,0,0,0,0,0,1,0,0,0
441,260.0,11.0,29.0,0.0,4.0,0.0,23.0,3.0,0.0,5.2,1.0,0,0,0,1,0,0,0,0,0,0,0,0,0,1,0,0,0,0,1,0,0,0
442,260.0,11.0,29.0,0.0,4.0,0.0,23.0,3.0,0.0,5.2,1.0,0,0,0,0,0,0,0,1,0,0,0,0,1,0,0,0,0,0,0,0,0,1
443,330.0,4.0,37.0,0.0,0.0,0.0,25.0,4.0,1.0,20.625,0.0,0,0,0,1,0,0,0,0,0,0,0,0,0,1,0,0,0,0,0,0,1,0
444,369.0,12.0,34.0,0.0,3.0,0.0,25.0,4.0,0.0,21.705882352941174,1.0,0,0,0,1,0,0,0,0,0,0,0,0,0,1,0,0,0,0,1,0,0,0
445,248.0,14.0,18.0,0.0,2.0,1.0,32.0,4.0,0.0,9.92,0.0,0,0,0,1,0,0,0,0,0,0,0,0,0,1,0,0,0,0,0,0,1,0
446,248.0,14.0,18.0,0.0,2.0,1.0,32.0,4.0,0.0,9.92,0.0,0,0,0,0,1,0,0,0,0,0,0,0,1,0,0,0,0,0,0,0,0,1
447,330.0,4.0,37.0,0.0,0.0,0.0,25.0,8.0,1.0,20.625,0.0,0,0,0,1,0,0,0,0,0,0,0,0,1,0,0,0,0,0,1,0,0,0
448,179.0,18.0,27.0,0.0,0.0,0.0,31.0,8.0,0.0,3.5098039215686274,1.0,0,0,0,1,0,0,0,0,0,0,0,0,1,0,0,0,0,0,1,0,0,0
449,117.99999999999999,18.0,15.0,0.0,1.0,0.0,31.0,1.0,0.0,9.076923076923077,1.0,0,0,0,1,0,0,0,0,0,0,0,0,0,1,0,0,0,0,1,0,0,0
450,117.99999999999999,18.0,15.0,0.0,1.0,0.0,31.0,30.0,0.0,9.076923076923077,1.0,0,0,0,1,0,0,0,0,0,0,0,0,1,0,0,0,1,0,0,0,0,0
451,300.0,13.0,22.0,0.0,2.0,1.0,25.0,8.0,0.0,11.538461538461538,1.0,0,0,0,1,0,0,0,0,0,0,0,0,0,1,0,0,0,0,1,0,0,0
452,260.0,11.0,29.0,0.0,4.0,0.0,23.0,4.0,0.0,5.2,1.0,0,0,0,1,0,0,0,0,0,0,0,0,0,1,0,0,0,0,1,0,0,0
453,179.0,18.0,27.0,0.0,0.0,0.0,31.0,4.0,0.0,3.5098039215686274,1.0,0,0,0,1,0,0,0,0,0,0,0,0,0,1,0,0,0,0,1,0,0,0
454,117.99999999999999,10.0,28.0,0.0,0.0,0.0,28.0,2.0,0.0,11.8,0.0,0,0,0,1,0,0,0,0,0,0,0,0,1,0,0,1,0,0,0,0,0,0
455,235.0,13.0,22.0,0.0,1.0,0.0,38.0,16.0,0.0,11.75,1.0,0,0,0,0,1,0,0,0,0,0,0,0,0,1,0,0,1,0,0,0,0,0
456,248.0,14.0,18.0,0.0,2.0,1.0,32.0,2.0,0.0,9.92,0.0,0,0,0,0,1,0,0,0,0,0,0,0,1,0,0,0,0,0,1,0,0,0
457,369.0,12.0,34.0,0.0,3.0,0.0,25.0,8.0,0.0,21.705882352941174,1.0,0,0,0,0,1,0,0,0,0,0,0,0,0,1,0,1,0,0,0,0,0,0
458,179.0,9.0,5.0,0.0,0.0,0.0,19.0,3.0,1.0,6.884615384615385,0.0,0,0,0,0,1,0,0,0,0,0,0,0,1,0,0,0,0,0,1,0,0,0
459,179.0,18.0,27.0,0.0,0.0,0.0,31.0,4.0,0.0,3.5098039215686274,1.0,0,0,0,0,1,0,0,0,0,0,0,0,1,0,0,0,0,0,1,0,0,0
460,361.0,3.0,37.0,0.0,1.0,4.0,27.0,1.0,0.0,6.9423076923076925,1.0,0,0,0,0,1,0,0,0,0,0,0,0,1,0,0,0,0,0,1,0,0,0
461,361.0,3.0,37.0,0.0,1.0,4.0,27.0,1.0,0.0,6.9423076923076925,1.0,0,0,0,0,0,0,0,1,0,0,0,0,1,0,0,0,0,0,0,0,0,1
462,260.0,11.0,29.0,0.0,4.0,0.0,23.0,3.0,0.0,5.2,1.0,0,0,0,0,1,0,0,0,0,0,0,0,0,1,0,0,0,0,1,0,0,0
463,179.0,17.0,25.0,0.0,2.0,0.0,22.0,2.0,1.0,8.136363636363637,1.0,0,0,0,0,1,0,0,0,0,0,0,0,0,1,0,1,0,0,0,0,0,0
464,179.0,17.0,25.0,0.0,2.0,0.0,22.0,3.0,1.0,8.136363636363637,1.0,0,0,0,0,1,0,0,0,0,0,0,0,0,1,0,1,0,0,0,0,0,0
465,228.0,16.0,7.0,0.0,2.0,1.0,22.0,8.0,0.0,16.285714285714285,0.0,0,0,0,0,1,0,0,0,0,0,0,0,1,0,0,1,0,0,0,0,0,0
466,225.0,9.0,37.0,0.0,1.0,2.0,24.0,3.0,0.0,8.653846153846153,0.0,0,0,0,0,1,0,0,0,0,0,0,0,1,0,0,0,0,0,1,0,0,0
467,330.0,4.0,37.0,0.0,0.0,0.0,25.0,8.0,1.0,20.625,0.0,0,0,0,0,1,0,0,0,0,0,0,0,0,0,1,0,1,0,0,0,0,0
468,179.0,9.0,35.0,0.0,0.0,0.0,19.0,2.0,1.0,6.884615384615385,0.0,0,0,0,0,1,0,0,0,0,0,0,0,0,1,0,0,0,0,1,0,0,0
469,117.99999999999999,10.0,28.0,0.0,0.0,0.0,28.0,1.0,0.0,11.8,0.0,0,0,0,0,1,0,0,0,0,0,0,0,0,1,0,0,0,0,1,0,0,0
470,235.0,14.0,28.0,0.0,1.0,1.0,29.0,8.0,1.0,21.363636363636363,0.0,0,0,0,0,1,0,0,0,0,0,0,0,0,1,0,1,0,0,0,0,0,0
471,179.0,9.0,35.0,0.0,0.0,0.0,19.0,3.0,1.0,6.884615384615385,0.0,0,0,0,0,1,0,0,0,0,0,0,0,1,0,0,0,0,0,1,0,0,0
472,117.99999999999999,10.0,28.0,0.0,0.0,0.0,28.0,3.0,0.0,11.8,0.0,0,0,0,0,0,1,0,0,0,0,0,0,0,1,0,0,0,0,1,0,0,0
473,179.0,18.0,27.0,0.0,0.0,0.0,31.0,3.0,0.0,3.5098039215686274,1.0,0,0,0,0,0,1,0,0,0,0,0,0,0,1,0,0,0,0,1,0,0,0
474,117.99999999999999,10.0,28.0,0.0,0.0,0.0,28.0,2.0,0.0,11.8,0.0,0,0,0,0,0,1,0,0,0,0,0,0,1,0,0,0,0,0,1,0,0,0
475,225.0,9.0,37.0,0.0,1.0,2.0,24.0,4.0,0.0,8.653846153846153,0.0,0,0,0,0,0,1,0,0,0,0,0,0,1,0,0,0,0,0,1,0,0,0
476,260.0,11.0,29.0,0.0,4.0,0.0,23.0,4.0,0.0,5.2,1.0,0,0,0,0,0,1,0,0,0,0,0,0,0,1,0,0,0,0,1,0,0,0
477,179.0,18.0,27.0,1.0,0.0,0.0,31.0,0.0,0.0,3.5098039215686274,1.0,0,0,0,0,0,1,0,0,0,0,0,0,0,1,0,0,0,0,0,0,0,1
478,179.0,18.0,27.0,1.0,0.0,0.0,31.0,0.0,0.0,3.5098039215686274,1.0,0,0,0,0,0,0,0,1,0,0,0,0,1,0,0,0,0,0,0,0,0,1
479,291.0,12.0,25.0,0.0,1.0,1.0,25.0,30.0,0.0,9.387096774193548,1.0,0,0,0,0,0,1,0,0,0,0,0,0,0,1,0,0,1,0,0,0,0,0
480,179.0,18.0,27.0,0.0,0.0,0.0,31.0,24.0,0.0,3.5098039215686274,1.0,0,0,0,0,0,1,0,0,0,0,0,0,0,1,0,0,0,0,1,0,0,0
481,246.0,16.0,24.0,0.0,0.0,0.0,23.0,3.0,0.0,9.84,1.0,0,0,0,0,0,1,0,0,0,0,0,0,1,0,0,0,0,0,1,0,0,0
482,179.0,18.0,5.0,0.0,0.0,0.0,31.0,4.0,0.0,3.5098039215686274,1.0,0,0,0,0,0,1,0,0,0,0,0,0,0,1,0,0,0,0,1,0,0,0
483,235.0,13.0,22.0,0.0,1.0,0.0,38.0,8.0,0.0,11.75,1.0,0,0,0,0,0,1,0,0,0,0,0,0,1,0,0,0,0,0,0,0,1,0
484,179.0,18.0,27.0,0.0,0.0,0.0,31.0,2.0,0.0,3.5098039215686274,1.0,0,0,0,0,0,1,0,0,0,0,0,0,0,0,1,0,0,0,1,0,0,0
485,225.0,9.0,37.0,0.0,1.0,2.0,24.0,2.0,0.0,8.653846153846153,0.0,0,0,0,0,0,1,0,0,0,0,0,0,1,0,0,0,0,0,1,0,0,0
486,117.99999999999999,18.0,15.0,0.0,1.0,0.0,31.0,2.0,0.0,9.076923076923077,1.0,0,0,0,0,0,1,0,0,0,0,0,0,1,0,0,0,0,0,1,0,0,0
487,179.0,18.0,27.0,0.0,0.0,0.0,31.0,8.0,0.0,3.5098039215686274,1.0,0,0,0,0,0,1,0,0,0,0,0,0,1,0,0,0,0,0,0,1,0,0
488,179.0,9.0,35.0,0.0,0.0,0.0,19.0,2.0,1.0,6.884615384615385,0.0,0,0,0,0,0,1,0,0,0,0,0,0,1,0,0,0,0,0,1,0,0,0
489,246.0,16.0,24.0,0.0,0.0,0.0,23.0,2.0,0.0,9.84,1.0,0,0,0,0,0,1,0,0,0,0,0,0,0,1,0,0,0,0,1,0,0,0
490,330.0,4.0,37.0,0.0,0.0,0.0,25.0,1.0,1.0,20.625,0.0,0,0,0,0,0,1,0,0,0,0,0,0,1,0,0,1,0,0,0,0,0,0
491,330.0,4.0,37.0,0.0,0.0,0.0,25.0,1.0,1.0,20.625,0.0,0,0,0,0,0,1,0,0,0,0,0,0,1,0,0,0,0,0,0,0,0,1
492,235.0,14.0,28.0,0.0,1.0,1.0,29.0,8.0,1.0,21.363636363636363,0.0,0,0,0,0,0,1,0,0,0,0,0,0,1,0,0,0,1,0,0,0,0,0
493,179.0,9.0,35.0,0.0,0.0,0.0,19.0,2.0,1.0,6.884615384615385,0.0,0,0,0,0,0,0,1,0,0,0,0,0,1,0,0,0,0,0,1,0,0,0
494,225.0,9.0,37.0,0.0,1.0,2.0,24.0,4.0,0.0,8.653846153846153,0.0,0,0,0,0,0,0,1,0,0,0,0,0,1,0,0,0,0,0,1,0,0,0
495,260.0,11.0,29.0,0.0,4.0,0.0,23.0,8.0,0.0,5.2,1.0,0,0,0,0,0,0,1,0,0,0,0,0,0,1,0,0,1,0,0,0,0,0
496,268.0,8.0,32.0,0.0,0.0,0.0,25.0,8.0,1.0,24.363636363636367,0.0,0,0,0,0,0,0,1,0,0,0,0,0,0,1,0,1,0,0,0,0,0,0
497,330.0,4.0,37.0,0.0,0.0,0.0,25.0,8.0,1.0,20.625,0.0,0,0,0,0,0,0,1,0,0,0,0,0,0,1,0,0,0,0,1,0,0,0
498,117.99999999999999,10.0,28.0,0.0,0.0,0.0,28.0,8.0,0.0,11.8,0.0,0,0,0,0,0,0,1,0,0,0,0,0,0,1,0,0,0,0,0,0,1,0
499,260.0,11.0,29.0,0.0,4.0,0.0,23.0,4.0,0.0,5.2,1.0,0,0,0,0,0,0,1,0,0,0,0,0,0,1,0,0,0,0,0,0,1,0
500,117.99999999999999,10.0,28.0,0.0,0.0,0.0,28.0,8.0,0.0,11.8,0.0,0,0,0,0,0,0,1,0,0,0,0,0,1,0,0,0,0,0,1,0,0,0
501,300.0,13.0,22.0,0.0,2.0,1.0,25.0,8.0,0.0,11.538461538461538,1.0,0,0,0,0,0,0,1,0,0,0,0,0,0,1,0,0,0,1,0,0,0,0
502,235.0,12.2,17.0,0.0,1.0,4.0,33.0,1.0,0.0,8.10344827586207,1.0,0,0,0,0,0,0,1,0,0,0,0,0,0,1,0,0,0,0,1,0,0,0
503,246.0,16.0,24.0,0.0,0.0,0.0,23.0,2.0,0.0,9.84,1.0,0,0,0,0,0,0,1,0,0,0,0,0,1,0,0,0,0,0,1,0,0,0
504,225.0,9.0,37.0,0.0,1.0,2.0,24.0,30.0,0.0,8.653846153846153,0.0,0,0,0,0,0,0,1,0,0,0,0,0,1,0,0,0,1,0,0,0,0,0
505,179.0,18.0,27.0,0.0,0.0,0.0,31.0,1.0,0.0,3.5098039215686274,1.0,0,0,0,0,0,0,1,0,0,0,0,0,1,0,0,0,0,0,1,0,0,0
506,117.99999999999999,18.0,15.0,0.0,1.0,0.0,31.0,1.0,0.0,9.076923076923077,1.0,0,0,0,0,0,0,1,0,0,0,0,0,0,1,0,0,0,0,1,0,0,0
507,361.0,3.0,37.0,0.0,1.0,4.0,27.0,8.0,0.0,6.9423076923076925,1.0,0,0,0,0,0,0,1,0,0,0,0,0,0,1,0,0,0,0,1,0,0,0
508,289.0,13.0,32.0,0.0,2.0,1.0,30.0,8.0,0.0,8.027777777777779,1.0,0,0,0,0,0,0,1,0,0,0,0,0,0,1,0,0,0,0,1,0,0,0
509,235.0,13.0,22.0,0.0,1.0,0.0,38.0,8.0,0.0,11.75,1.0,0,0,0,0,0,0,1,0,0,0,0,0,0,1,0,0,0,0,0,0,1,0
511,291.0,12.0,25.0,0.0,1.0,1.0,25.0,1.0,0.0,9.387096774193548,1.0,0,0,0,0,0,0,1,0,0,0,0,0,1,0,0,0,0,0,1,0,0,0
512,279.0,14.0,26.0,0.0,2.0,0.0,24.0,2.0,0.0,30.0,1.0,0,0,0,0,0,0,1,0,0,0,0,0,1,0,0,0,0,0,1,0,0,0
513,179.0,18.0,27.0,0.0,0.0,0.0,31.0,4.0,0.0,3.5098039215686274,1.0,0,0,0,0,0,0,0,1,0,0,0,0,1,0,0,0,0,0,1,0,0,0
514,179.0,17.0,25.0,0.0,2.0,0.0,22.0,1.0,1.0,8.136363636363637,1.0,0,0,0,0,0,0,0,1,0,0,0,0,0,1,0,0,0,0,1,0,0,0
515,246.0,16.0,24.0,0.0,0.0,0.0,23.0,4.0,0.0,9.84,1.0,0,0,0,0,0,0,0,1,0,0,0,0,1,0,0,0,0,0,1,0,0,0
516,117.99999999999999,10.0,28.0,0.0,0.0,0.0,28.0,4.0,0.0,11.8,0.0,0,0,0,0,0,0,0,1,0,0,0,0,1,0,0,0,0,0,1,0,0,0
517,289.0,13.0,32.0,0.0,2.0,1.0,30.0,8.0,0.0,8.027777777777779,1.0,0,0,0,0,0,0,0,1,0,0,0,0,1,0,0,0,0,0,0,0,1,0
518,235.0,13.0,22.0,0.0,1.0,0.0,38.0,8.0,0.0,11.75,1.0,0,0,0,0,0,0,0,1,0,0,0,0,1,0,0,0,0,0,0,0,1,0
519,291.0,12.0,25.0,0.0,1.0,1.0,25.0,4.0,0.0,9.387096774193548,1.0,0,0,0,0,0,0,0,1,0,0,0,0,1,0,0,0,0,0,1,0,0,0
520,179.0,18.0,27.0,0.0,0.0,0.0,31.0,4.0,0.0,3.5098039215686274,1.0,0,0,0,0,0,0,0,1,0,0,0,0,0,1,0,0,0,0,1,0,0,0
521,179.0,17.0,25.0,0.0,2.0,0.0,22.0,8.0,1.0,8.136363636363637,1.0,0,0,0,0,0,0,0,1,0,0,0,0,1,0,0,0,0,0,1,0,0,0
522,330.0,4.0,37.0,0.0,0.0,0.0,25.0,16.0,1.0,20.625,0.0,0,0,0,0,0,0,0,1,0,0,0,0,1,0,0,0,0,0,1,0,0,0
523,235.0,14.0,28.0,0.0,1.0,1.0,29.0,4.0,1.0,21.363636363636363,0.0,0,0,0,0,0,0,0,1,0,0,0,0,1,0,0,0,0,0,1,0,0,0
524,246.0,16.0,24.0,0.0,0.0,0.0,23.0,1.0,0.0,9.84,1.0,0,0,0,0,0,0,0,1,0,0,0,0,1,0,0,0,0,0,1,0,0,0
525,117.99999999999999,10.0,5.0,0.0,0.0,0.0,28.0,5.0,0.0,11.8,0.0,0,0,0,0,0,0,0,1,0,0,0,0,1,0,0,0,0,0,1,0,0,0
526,291.0,12.0,25.0,0.0,1.0,1.0,25.0,2.0,0.0,9.387096774193548,1.0,0,0,0,0,0,0,0,1,0,0,0,0,1,0,0,0,0,0,1,0,0,0
527,260.0,11.0,29.0,0.0,4.0,0.0,23.0,3.0,0.0,5.2,1.0,0,0,0,0,0,0,0,1,0,0,0,0,0,1,0,0,0,0,1,0,0,0
528,246.0,16.0,24.0,0.0,0.0,0.0,23.0,1.0,0.0,9.84,1.0,0,0,0,0,0,0,0,0,1,0,0,0,1,0,0,0,0,0,1,0,0,0
529,246.0,16.0,24.0,0.0,0.0,0.0,23.0,1.0,0.0,9.84,1.0,0,0,0,0,0,1,0,0,0,0,0,0,1,0,0,0,0,0,0,0,0,1
531,117.99999999999999,10.0,28.0,0.0,0.0,0.0,28.0,3.0,0.0,11.8,0.0,0,0,0,0,0,0,0,0,1,0,0,0,1,0,0,0,0,0,1,0,0,0
532,155.0,14.0,31.0,0.0,2.0,0.0,25.0,2.0,0.0,12.916666666666666,1.0,0,0,0,0,0,0,0,0,1,0,0,0,1,0,0,0,0,0,1,0,0,0
533,291.0,12.0,25.0,0.0,1.0,1.0,25.0,2.0,0.0,9.387096774193548,1.0,0,0,0,0,0,0,0,0,1,0,0,0,1,0,0,0,0,0,1,0,0,0
534,179.0,9.0,35.0,0.0,0.0,0.0,19.0,8.0,1.0,6.884615384615385,0.0,0,0,0,0,0,0,0,0,1,0,0,0,0,1,0,0,0,0,1,0,0,0
535,248.0,14.0,18.0,0.0,2.0,1.0,32.0,1.0,0.0,9.92,0.0,0,0,0,0,0,0,0,0,1,0,0,0,0,1,0,0,0,0,1,0,0,0
536,179.0,18.0,27.0,0.0,0.0,0.0,31.0,4.0,0.0,3.5098039215686274,1.0,0,0,0,0,0,0,0,0,1,0,0,0,0,1,0,0,0,0,1,0,0,0
537,225.0,9.0,5.0,0.0,1.0,2.0,24.0,1.0,0.0,8.653846153846153,0.0,0,0,0,0,0,0,0,0,1,0,0,0,1,0,0,0,0,0,1,0,0,0
538,179.0,9.0,35.0,0.0,0.0,0.0,19.0,2.0,1.0,6.884615384615385,0.0,0,0,0,0,0,0,0,0,1,0,0,0,0,1,0,0,0,0,1,0,0,0
539,369.0,12.0,34.0,0.0,3.0,0.0,25.0,8.0,0.0,21.705882352941174,1.0,0,0,0,0,0,0,0,0,1,0,0,0,1,0,0,0,0,0,1,0,0,0
540,361.0,3.0,37.0,0.0,1.0,4.0,27.0,8.0,0.0,6.9423076923076925,1.0,0,0,0,0,0,0,0,0,1,0,0,0,1,0,0,0,0,0,1,0,0,0
541,361.0,3.0,37.0,0.0,1.0,4.0,27.0,8.0,0.0,6.9423076923076925,1.0,0,0,0,0,0,0,0,0,1,0,0,0,1,0,0,0,0,0,0,0,0,1
542,289.0,29.0,16.0,0.0,0.0,2.0,36.0,1.0,0.0,6.020833333333333,0.0,0,0,0,0,0,0,0,0,0,1,0,0,1,0,0,0,1,0,0,0,0,0
543,235.0,8.0,33.0,0.0,0.0,0.0,25.0,3.0,1.0,14.6875,0.0,0,0,0,0,0,0,0,0,0,1,0,0,1,0,0,1,0,0,0,0,0,0
544,246.0,16.0,24.0,0.0,0.0,0.0,23.0,8.0,0.0,9.84,1.0,0,0,0,0,0,0,0,0,0,1,0,0,0,1,0,0,0,0,0,0,1,0
545,289.0,29.0,16.0,0.0,0.0,2.0,36.0,3.0,0.0,6.020833333333333,0.0,0,0,0,0,0,0,0,0,0,1,0,0,1,0,0,1,0,0,0,0,0,0
546,291.0,12.0,25.0,0.0,1.0,1.0,25.0,2.0,0.0,9.387096774193548,1.0,0,0,0,0,0,0,0,0,0,1,0,0,1,0,0,0,0,0,1,0,0,0
547,117.99999999999999,10.0,28.0,0.0,0.0,0.0,28.0,2.0,0.0,11.8,0.0,0,0,0,0,0,0,0,0,0,1,0,0,1,0,0,0,0,0,1,0,0,0
548,289.0,29.0,16.0,0.0,0.0,2.0,36.0,2.0,0.0,6.020833333333333,0.0,0,0,0,0,0,0,0,0,0,1,0,0,1,0,0,0,0,0,1,0,0,0
549,291.0,12.0,25.0,0.0,1.0,1.0,25.0,1.0,0.0,9.387096774193548,1.0,0,0,0,0,0,0,0,0,0,1,0,0,0,1,0,0,0,0,1,0,0,0
550,225.0,9.0,37.0,0.0,1.0,2.0,24.0,2.0,0.0,8.653846153846153,0.0,0,0,0,0,0,0,0,0,0,1,0,0,1,0,0,0,0,0,1,0,0,0
551,369.0,12.0,34.0,0.0,3.0,0.0,25.0,8.0,0.0,21.705882352941174,1.0,0,0,0,0,0,0,0,0,0,1,0,0,1,0,0,0,0,0,1,0,0,0
552,369.0,12.0,5.0,0.0,3.0,0.0,25.0,3.0,0.0,21.705882352941174,1.0,0,0,0,0,0,0,0,0,0,1,0,0,1,0,0,0,0,0,1,0,0,0
553,369.0,12.0,5.0,0.0,3.0,0.0,25.0,3.0,0.0,21.705882352941174,1.0,0,0,0,0,0,0,1,0,0,0,0,0,1,0,0,0,0,0,0,0,0,1
554,225.0,9.0,37.0,0.0,1.0,2.0,24.0,4.0,0.0,8.653846153846153,0.0,0,0,0,0,0,0,0,0,0,1,0,0,1,0,0,0,0,0,1,0,0,0
555,369.0,12.0,34.0,0.0,3.0,0.0,25.0,8.0,0.0,21.705882352941174,1.0,0,0,0,0,0,0,0,0,0,1,0,0,1,0,0,0,0,0,0,0,1,0
556,179.0,18.0,27.0,0.0,0.0,0.0,31.0,3.0,0.0,3.5098039215686274,1.0,0,0,0,0,0,0,0,0,0,1,0,0,1,0,0,0,0,0,1,0,0,0
557,228.0,16.0,7.0,0.0,2.0,1.0,22.0,1.0,0.0,16.285714285714285,0.0,0,0,0,0,0,0,0,0,0,1,0,0,1,0,0,1,0,0,0,0,0,0
558,291.0,12.0,25.0,0.0,1.0,1.0,25.0,1.0,0.0,9.387096774193548,1.0,0,0,0,0,0,0,0,0,0,1,0,0,1,0,0,0,0,0,1,0,0,0
559,369.0,12.0,34.0,0.0,3.0,0.0,25.0,8.0,0.0,21.705882352941174,1.0,0,0,0,0,0,0,0,0,0,1,0,0,1,0,0,1,0,0,0,0,0,0
560,225.0,9.0,37.0,0.0,1.0,2.0,24.0,1.0,0.0,8.653846153846153,0.0,0,0,0,0,0,0,0,0,0,1,0,0,1,0,0,0,1,0,0,0,0,0
561,369.0,12.0,34.0,0.0,3.0,0.0,25.0,8.0,0.0,21.705882352941174,1.0,0,0,0,0,0,0,0,0,0,1,0,0,0,1,0,1,0,0,0,0,0,0
562,225.0,9.0,37.0,0.0,1.0,2.0,24.0,3.0,0.0,8.653846153846153,0.0,0,0,0,0,0,0,0,0,0,1,0,0,0,1,0,1,0,0,0,0,0,0
563,189.0,13.0,32.0,0.0,2.0,2.0,25.0,8.0,0.0,6.517241379310345,0.0,0,0,0,0,0,0,0,0,0,1,0,0,0,1,0,0,0,0,1,0,0,0
564,235.0,8.0,33.0,0.0,0.0,0.0,25.0,8.0,1.0,14.6875,0.0,0,0,0,0,0,0,0,0,0,1,0,0,0,1,0,0,1,0,0,0,0,0
565,235.0,8.0,33.0,0.0,0.0,0.0,25.0,8.0,1.0,14.6875,0.0,0,0,0,0,0,1,0,0,0,0,0,0,1,0,0,0,0,0,0,0,0,1
566,248.0,14.0,18.0,0.0,2.0,1.0,32.0,8.0,0.0,9.92,0.0,0,0,0,0,0,0,0,0,0,1,0,0,0,1,0,1,0,0,0,0,0,0
567,225.0,9.0,37.0,1.0,1.0,2.0,24.0,0.0,0.0,8.653846153846153,0.0,0,0,0,0,0,0,0,0,0,1,0,0,0,1,0,0,0,0,0,0,0,1
568,225.0,9.0,37.0,0.0,1.0,2.0,24.0,3.0,0.0,8.653846153846153,0.0,0,0,0,0,0,0,0,0,0,1,0,0,1,0,0,0,1,0,0,0,0,0
569,179.0,18.0,27.0,0.0,0.0,0.0,31.0,1.0,0.0,3.5098039215686274,1.0,0,0,0,0,0,0,0,0,0,0,1,0,1,0,0,0,0,0,1,0,0,0
570,117.99999999999999,10.0,28.0,0.0,0.0,0.0,28.0,3.0,0.0,11.8,0.0,0,0,0,0,0,0,0,0,0,0,1,0,1,0,0,0,0,0,1,0,0,0
571,330.0,4.0,5.0,0.0,0.0,0.0,25.0,24.0,1.0,20.625,0.0,0,0,0,0,0,0,0,0,0,0,1,0,1,0,0,0,1,0,0,0,0,0
572,179.0,18.0,27.0,0.0,0.0,0.0,31.0,1.0,0.0,3.5098039215686274,1.0,0,0,0,0,0,0,0,0,0,0,1,0,0,1,0,0,0,0,1,0,0,0
573,117.99999999999999,10.0,28.0,0.0,0.0,0.0,28.0,8.0,0.0,11.8,0.0,0,0,0,0,0,0,0,0,0,0,1,0,1,0,0,0,1,0,0,0,0,0
574,289.0,13.0,32.0,0.0,2.0,1.0,30.0,8.0,0.0,8.027777777777779,1.0,0,0,0,0,0,0,0,0,0,0,1,0,1,0,0,0,0,0,1,0,0,0
575,235.0,8.0,33.0,0.0,0.0,0.0,25.0,8.0,1.0,14.6875,0.0,0,0,0,0,0,0,0,0,0,0,1,0,0,1,0,1,0,0,0,0,0,0
576,225.0,9.0,5.0,0.0,1.0,2.0,24.0,4.0,0.0,8.653846153846153,0.0,0,0,0,0,0,0,0,0,0,0,1,0,0,1,0,0,0,0,1,0,0,0
577,361.0,3.0,37.0,0.0,1.0,4.0,27.0,8.0,0.0,6.9423076923076925,1.0,0,0,0,0,0,0,0,0,0,0,1,0,1,0,0,0,0,0,1,0,0,0
578,291.0,12.0,25.0,0.0,1.0,1.0,25.0,2.0,0.0,9.387096774193548,1.0,0,0,0,0,0,0,0,0,0,0,1,0,1,0,0,0,0,0,1,0,0,0
579,291.0,12.0,25.0,0.0,1.0,1.0,25.0,2.0,0.0,9.387096774193548,1.0,0,0,0,0,0,0,0,0,1,0,0,0,1,0,0,0,0,0,0,0,0,1
580,117.99999999999999,10.0,28.0,0.0,0.0,0.0,28.0,2.0,0.0,11.8,0.0,0,0,0,0,0,0,0,0,0,0,1,0,1,0,0,0,1,0,0,0,0,0
581,225.0,9.0,37.0,0.0,1.0,2.0,24.0,3.0,0.0,8.653846153846153,0.0,0,0,0,0,0,0,0,0,0,0,1,0,1,0,0,1,0,0,0,0,0,0
582,179.0,18.0,5.0,0.0,0.0,0.0,31.0,1.0,0.0,3.5098039215686274,1.0,0,0,0,0,0,0,0,0,0,0,1,0,0,1,0,0,0,0,1,0,0,0
583,117.99999999999999,10.0,28.0,0.0,0.0,0.0,28.0,8.0,0.0,11.8,0.0,0,0,0,0,0,0,0,0,0,0,1,0,0,1,0,0,0,0,1,0,0,0
584,117.99999999999999,10.0,28.0,0.0,0.0,0.0,28.0,8.0,0.0,11.8,0.0,0,0,0,0,0,0,0,0,0,0,1,0,1,0,0,1,0,0,0,0,0,0
585,225.0,9.0,37.0,0.0,1.0,2.0,24.0,2.0,0.0,8.653846153846153,0.0,0,0,0,0,0,0,0,0,0,0,1,0,1,0,0,0,0,0,1,0,0,0
586,291.0,12.0,25.0,1.0,1.0,1.0,25.0,0.0,0.0,9.387096774193548,1.0,0,0,0,0,0,0,0,0,0,0,1,0,1,0,0,0,0,0,0,0,0,1
587,291.0,12.0,25.0,1.0,1.0,1.0,25.0,0.0,0.0,9.387096774193548,1.0,0,0,0,0,0,0,0,0,1,0,0,0,1,0,0,0,0,0,0,0,0,1
588,289.0,13.0,32.0,1.0,2.0,1.0,30.0,0.0,0.0,8.027777777777779,1.0,0,0,0,0,0,0,0,0,0,0,1,0,1,0,0,0,0,0,0,0,0,1
589,289.0,13.0,32.0,1.0,2.0,1.0,30.0,0.0,0.0,8.027777777777779,1.0,0,0,0,0,0,0,0,0,1,0,0,0,1,0,0,0,0,0,0,0,0,1
590,248.0,14.0,18.0,0.0,2.0,1.0,32.0,4.0,0.0,9.92,0.0,0,0,0,0,0,0,0,0,0,0,1,0,1,0,0,1,0,0,0,0,0,0
592,235.0,13.0,22.0,1.0,1.0,0.0,38.0,0.0,0.0,11.75,1.0,0,0,0,0,0,0,0,0,0,0,1,0,1,0,0,0,0,0,0,0,0,1
593,225.0,9.0,5.0,0.0,1.0,2.0,24.0,2.0,0.0,8.653846153846153,0.0,0,0,0,0,0,0,0,0,0,0,1,0,0,1,0,0,0,0,1,0,0,0
594,369.0,12.0,34.0,0.0,3.0,0.0,25.0,8.0,0.0,21.705882352941174,1.0,0,0,0,0,0,0,0,0,0,0,1,0,0,1,0,0,0,0,0,0,1,0
595,361.0,3.0,5.0,0.0,1.0,4.0,27.0,2.0,0.0,6.9423076923076925,1.0,0,0,0,0,0,0,0,0,0,0,1,0,0,1,0,0,0,0,1,0,0,0
596,179.0,18.0,27.0,0.0,0.0,0.0,31.0,30.0,0.0,3.5098039215686274,1.0,0,0,0,0,0,0,0,0,0,0,0,1,1,0,0,0,1,0,0,0,0,0
597,291.0,12.0,25.0,0.0,1.0,1.0,25.0,1.0,0.0,9.387096774193548,1.0,0,0,0,0,0,0,0,0,0,0,0,1,1,0,0,0,0,0,1,0,0,0
598,225.0,9.0,5.0,0.0,1.0,2.0,24.0,3.0,0.0,8.653846153846153,0.0,0,0,0,0,0,0,0,0,0,0,0,1,1,0,0,0,0,0,1,0,0,0
599,179.0,9.0,35.0,0.0,0.0,0.0,19.0,1.0,1.0,6.884615384615385,0.0,0,0,0,0,0,0,0,0,0,0,0,1,0,1,0,0,1,0,0,0,0,0
600,225.0,9.0,37.0,0.0,1.0,2.0,24.0,3.0,0.0,8.653846153846153,0.0,0,0,0,0,0,0,0,0,0,0,0,1,0,1,0,0,0,0,1,0,0,0
601,225.0,9.0,37.0,0.0,1.0,2.0,24.0,3.0,0.0,8.653846153846153,0.0,0,0,0,0,0,0,0,0,0,0,0,1,1,0,0,0,0,0,1,0,0,0
602,361.0,3.0,37.0,0.0,1.0,4.0,27.0,4.0,0.0,6.9423076923076925,1.0,0,0,0,0,0,0,0,0,0,0,0,1,1,0,0,1,0,0,0,0,0,0
603,179.0,17.0,25.0,0.0,2.0,0.0,22.0,2.0,1.0,8.136363636363637,1.0,0,0,0,0,0,0,0,0,0,0,0,1,0,1,0,1,0,0,0,0,0,0
604,235.0,13.0,22.0,0.0,1.0,0.0,38.0,8.0,0.0,11.75,1.0,0,0,0,0,0,0,0,0,0,0,0,1,0,1,0,0,0,0,0,0,1,0
605,233.0,1.0,34.0,0.0,1.0,4.0,21.0,8.0,1.0,4.568627450980392,1.0,0,0,0,0,0,0,0,0,0,0,0,1,0,1,0,1,0,0,0,0,0,0
606,179.0,9.0,35.0,0.0,0.0,0.0,19.0,16.0,1.0,6.884615384615385,0.0,0,0,0,0,0,0,0,0,0,0,0,1,1,0,0,0,1,0,0,0,0,0
608,225.0,9.0,37.0,0.0,1.0,2.0,24.0,3.0,0.0,8.653846153846153,0.0,0,0,0,0,0,0,0,0,0,0,0,1,1,0,0,0,0,0,1,0,0,0
609,225.0,9.0,37.0,0.0,1.0,2.0,24.0,2.0,0.0,8.653846153846153,0.0,0,0,0,0,0,0,0,0,0,0,0,1,0,1,0,0,0,0,1,0,0,0
610,155.0,14.0,31.0,0.0,2.0,0.0,25.0,30.0,0.0,12.916666666666666,1.0,0,0,0,0,0,0,0,0,0,0,0,1,1,0,0,1,0,0,0,0,0,0
611,155.0,14.0,31.0,0.0,2.0,0.0,25.0,30.0,0.0,12.916666666666666,1.0,0,0,0,0,0,0,0,0,1,0,0,0,0,1,0,0,0,0,0,0,0,1
612,179.0,9.0,35.0,0.0,0.0,0.0,19.0,24.0,1.0,6.884615384615385,0.0,1,0,0,0,0,0,0,0,0,0,0,0,0,1,0,1,0,0,0,0,0,0
613,179.0,9.0,35.0,0.0,0.0,0.0,19.0,16.0,1.0,6.884615384615385,0.0,1,0,0,0,0,0,0,0,0,0,0,0,1,0,0,1,0,0,0,0,0,0
614,179.0,17.0,25.0,0.0,2.0,0.0,22.0,2.0,1.0,8.136363636363637,1.0,1,0,0,0,0,0,0,0,0,0,0,0,1,0,0,0,0,0,1,0,0,0
615,179.0,17.0,25.0,0.0,2.0,0.0,22.0,2.0,1.0,8.136363636363637,1.0,1,0,0,0,0,0,0,0,0,0,0,0,0,1,0,0,0,0,1,0,0,0
616,179.0,9.0,35.0,0.0,0.0,0.0,19.0,3.0,1.0,6.884615384615385,0.0,1,0,0,0,0,0,0,0,0,0,0,0,0,1,0,0,1,0,0,0,0,0
617,179.0,17.0,25.0,0.0,2.0,0.0,22.0,2.0,1.0,8.136363636363637,1.0,1,0,0,0,0,0,0,0,0,0,0,0,1,0,0,0,0,0,1,0,0,0
618,289.0,29.0,16.0,0.0,0.0,2.0,36.0,8.0,0.0,6.020833333333333,0.0,1,0,0,0,0,0,0,0,0,0,0,0,1,0,0,1,0,0,0,0,0,0
619,179.0,17.0,25.0,0.0,2.0,0.0,22.0,3.0,1.0,8.136363636363637,1.0,1,0,0,0,0,0,0,0,0,0,0,0,0,1,0,1,0,0,0,0,0,0
620,179.0,9.0,35.0,0.0,0.0,0.0,19.0,2.0,1.0,6.884615384615385,0.0,1,0,0,0,0,0,0,0,0,0,0,0,0,1,0,0,0,0,1,0,0,0
621,155.0,14.0,31.0,0.0,2.0,0.0,25.0,8.0,0.0,12.916666666666666,1.0,1,0,0,0,0,0,0,0,0,0,0,0,1,0,0,1,0,0,0,0,0,0
622,179.0,9.0,35.0,0.0,0.0,0.0,19.0,2.0,1.0,6.884615384615385,0.0,1,0,0,0,0,0,0,0,0,0,0,0,1,0,0,0,0,0,1,0,0,0
623,179.0,9.0,35.0,0.0,0.0,0.0,19.0,2.0,1.0,6.884615384615385,0.0,0,0,0,0,1,0,0,0,0,0,0,0,1,0,0,0,0,0,0,0,0,1
624,179.0,18.0,27.0,0.0,0.0,0.0,31.0,3.0,0.0,3.5098039215686274,1.0,1,0,0,0,0,0,0,0,0,0,0,0,1,0,0,0,0,0,1,0,0,0
625,289.0,13.0,32.0,0.0,2.0,1.0,30.0,8.0,0.0,8.027777777777779,1.0,1,0,0,0,0,0,0,0,0,0,0,0,1,0,0,0,1,0,0,0,0,0
626,179.0,18.0,27.0,0.0,0.0,0.0,31.0,3.0,0.0,3.5098039215686274,1.0,1,0,0,0,0,0,0,0,0,0,0,0,1,0,0,0,0,0,1,0,0,0
627,179.0,18.0,27.0,0.0,0.0,0.0,31.0,2.0,0.0,3.5098039215686274,1.0,1,0,0,0,0,0,0,0,0,0,0,0,0,1,0,0,0,0,1,0,0,0
629,179.0,18.0,27.0,0.0,0.0,0.0,31.0,8.0,0.0,3.5098039215686274,1.0,0,1,0,0,0,0,0,0,0,0,0,0,1,0,0,0,1,0,0,0,0,0
630,225.0,9.0,37.0,0.0,1.0,2.0,24.0,3.0,0.0,8.653846153846153,0.0,0,1,0,0,0,0,0,0,0,0,0,0,1,0,0,0,0,0,1,0,0,0
631,248.0,14.0,18.0,0.0,2.0,1.0,32.0,8.0,0.0,9.92,0.0,0,1,0,0,0,0,0,0,0,0,0,0,1,0,0,1,0,0,0,0,0,0
632,179.0,18.0,27.0,0.0,0.0,0.0,31.0,2.0,0.0,3.5098039215686274,1.0,0,1,0,0,0,0,0,0,0,0,0,0,1,0,0,0,0,0,1,0,0,0
633,225.0,9.0,37.0,0.0,1.0,2.0,24.0,3.0,0.0,8.653846153846153,0.0,0,1,0,0,0,0,0,0,0,0,0,0,1,0,0,0,0,0,1,0,0,0
634,225.0,9.0,37.0,0.0,1.0,2.0,24.0,3.0,0.0,8.653846153846153,0.0,0,0,0,0,0,0,0,0,0,1,0,0,1,0,0,0,0,0,0,0,0,1
635,179.0,18.0,27.0,0.0,0.0,0.0,31.0,2.0,0.0,3.5098039215686274,1.0,0,1,0,0,0,0,0,0,0,0,0,0,1,0,0,0,0,0,1,0,0,0
636,179.0,9.0,35.0,0.0,0.0,0.0,19.0,2.0,1.0,6.884615384615385,0.0,0,1,0,0,0,0,0,0,0,0,0,0,1,0,0,0,0,0,1,0,0,0
637,225.0,15.0,24.0,0.0,2.0,2.0,28.0,2.0,1.0,15.0,1.0,0,1,0,0,0,0,0,0,0,0,0,0,0,1,0,0,0,0,1,0,0,0
638,179.0,18.0,27.0,0.0,0.0,0.0,31.0,2.0,0.0,3.5098039215686274,1.0,0,1,0,0,0,0,0,0,0,0,0,0,0,1,0,0,0,0,1,0,0,0
639,233.0,1.0,34.0,0.0,1.0,4.0,21.0,2.0,1.0,4.568627450980392,1.0,0,1,0,0,0,0,0,0,0,0,0,0,0,1,0,1,0,0,0,0,0,0
640,179.0,18.0,27.0,0.0,0.0,0.0,31.0,2.0,0.0,3.5098039215686274,1.0,0,1,0,0,0,0,0,0,0,0,0,0,0,1,0,0,0,0,1,0,0,0
641,225.0,9.0,5.0,0.0,1.0,2.0,24.0,8.0,0.0,8.653846153846153,0.0,0,1,0,0,0,0,0,0,0,0,0,0,1,0,0,1,0,0,0,0,0,0
644,179.0,18.0,27.0,0.0,0.0,0.0,31.0,3.0,0.0,3.5098039215686274,1.0,0,1,0,0,0,0,0,0,0,0,0,0,1,0,0,0,0,0,1,0,0,0
645,179.0,18.0,27.0,0.0,0.0,0.0,31.0,3.0,0.0,3.5098039215686274,1.0,0,0,0,1,0,0,0,0,0,0,0,0,1,0,0,0,0,0,0,0,0,1
647,179.0,9.0,35.0,0.0,0.0,0.0,19.0,2.0,1.0,6.884615384615385,0.0,0,1,0,0,0,0,0,0,0,0,0,0,1,0,0,0,1,0,0,0,0,0
648,179.0,17.0,25.0,0.0,2.0,0.0,22.0,2.0,1.0,8.136363636363637,1.0,0,1,0,0,0,0,0,0,0,0,0,0,0,1,0,0,0,0,1,0,0,0
649,179.0,18.0,27.0,0.0,0.0,0.0,31.0,3.0,0.0,3.5098039215686274,1.0,0,1,0,0,0,0,0,0,0,0,0,0,0,1,0,0,0,0,1,0,0,0
650,233.0,1.0,34.0,0.0,1.0,4.0,21.0,3.0,1.0,4.568627450980392,1.0,0,1,0,0,0,0,0,0,0,0,0,0,1,0,0,1,0,0,0,0,0,0
651,179.0,9.0,35.0,0.0,0.0,0.0,19.0,2.0,1.0,6.884615384615385,0.0,0,1,0,0,0,0,0,0,0,0,0,0,1,0,0,0,0,0,1,0,0,0
652,179.0,18.0,27.0,0.0,0.0,0.0,31.0,2.0,0.0,3.5098039215686274,1.0,0,1,0,0,0,0,0,0,0,0,0,0,1,0,0,0,0,0,1,0,0,0
653,179.0,18.0,27.0,0.0,0.0,0.0,31.0,8.0,0.0,3.5098039215686274,1.0,0,1,0,0,0,0,0,0,0,0,0,0,1,0,0,0,1,0,0,0,0,0
654,179.0,18.0,5.0,0.0,0.0,0.0,31.0,2.0,0.0,3.5098039215686274,1.0,0,1,0,0,0,0,0,0,0,0,0,0,0,1,0,0,0,0,1,0,0,0
655,155.0,14.0,31.0,0.0,2.0,0.0,25.0,5.0,0.0,12.916666666666666,1.0,0,1,0,0,0,0,0,0,0,0,0,0,0,1,0,0,0,0,1,0,0,0
656,235.0,8.0,33.0,0.0,0.0,0.0,25.0,3.0,1.0,14.6875,0.0,0,1,0,0,0,0,0,0,0,0,0,0,0,1,0,0,0,0,1,0,0,0
657,179.0,18.0,27.0,0.0,0.0,0.0,31.0,2.0,0.0,3.5098039215686274,1.0,0,1,0,0,0,0,0,0,0,0,0,0,0,1,0,0,0,0,1,0,0,0
658,225.0,9.0,37.0,0.0,1.0,2.0,24.0,2.0,0.0,8.653846153846153,0.0,0,1,0,0,0,0,0,0,0,0,0,0,0,1,0,1,0,0,0,0,0,0
659,179.0,18.0,27.0,0.0,0.0,0.0,31.0,2.0,0.0,3.5098039215686274,1.0,0,1,0,0,0,0,0,0,0,0,0,0,1,0,0,0,0,0,1,0,0,0
660,248.0,14.0,18.0,0.0,2.0,1.0,32.0,2.0,0.0,9.92,0.0,0,1,0,0,0,0,0,0,0,0,0,0,1,0,0,0,0,0,1,0,0,0
661,225.0,9.0,37.0,0.0,1.0,2.0,24.0,2.0,0.0,8.653846153846153,0.0,0,1,0,0,0,0,0,0,0,0,0,0,1,0,0,0,0,0,1,0,0,0
662,225.0,9.0,37.0,0.0,1.0,2.0,24.0,2.0,0.0,8.653846153846153,0.0,0,0,0,0,0,0,0,0,0,1,0,0,1,0,0,0,0,0,0,0,0,1
663,179.0,18.0,27.0,0.0,0.0,0.0,31.0,2.0,0.0,3.5098039215686274,1.0,0,1,0,0,0,0,0,0,0,0,0,0,1,0,0,0,0,0,1,0,0,0
664,179.0,18.0,27.0,0.0,0.0,0.0,31.0,2.0,0.0,3.5098039215686274,1.0,0,1,0,0,0,0,0,0,0,0,0,0,1,0,0,0,0,0,1,0,0,0
665,235.0,8.0,33.0,0.0,0.0,0.0,25.0,2.0,1.0,14.6875,0.0,0,1,0,0,0,0,0,0,0,0,0,0,0,1,0,0,0,0,1,0,0,0
666,179.0,18.0,27.0,0.0,0.0,0.0,31.0,2.0,0.0,3.5098039215686274,1.0,0,0,1,0,0,0,0,0,0,0,0,0,0,1,0,0,0,0,1,0,0,0
667,248.0,14.0,18.0,0.0,2.0,1.0,32.0,2.0,0.0,9.92,0.0,0,0,1,0,0,0,0,0,0,0,0,0,0,1,0,0,0,0,1,0,0,0
668,228.0,16.0,7.0,0.0,2.0,1.0,22.0,3.0,0.0,16.285714285714285,0.0,0,0,1,0,0,0,0,0,0,0,0,0,1,0,0,0,0,0,1,0,0,0
669,228.0,16.0,7.0,0.0,2.0,1.0,22.0,3.0,0.0,16.285714285714285,0.0,0,0,0,0,0,1,0,0,0,0,0,0,1,0,0,0,0,0,0,0,0,1
670,248.0,14.0,18.0,0.0,2.0,1.0,32.0,3.0,0.0,9.92,0.0,0,0,1,0,0,0,0,0,0,0,0,0,1,0,0,0,0,0,1,0,0,0
671,228.0,16.0,7.0,0.0,2.0,1.0,22.0,30.0,0.0,16.285714285714285,0.0,0,0,1,0,0,0,0,0,0,0,0,0,1,0,0,1,0,0,0,0,0,0
672,228.0,16.0,7.0,0.0,2.0,1.0,22.0,30.0,0.0,16.285714285714285,0.0,0,0,0,0,1,0,0,0,0,0,0,0,1,0,0,0,0,0,0,0,0,1
673,179.0,18.0,27.0,0.0,0.0,0.0,31.0,2.0,0.0,3.5098039215686274,1.0,0,0,1,0,0,0,0,0,0,0,0,0,1,0,0,0,0,0,1,0,0,0
674,225.0,9.0,37.0,0.0,1.0,2.0,24.0,2.0,0.0,8.653846153846153,0.0,0,0,1,0,0,0,0,0,0,0,0,0,1,0,0,0,0,0,1,0,0,0
675,179.0,18.0,27.0,0.0,0.0,0.0,31.0,3.0,0.0,3.5098039215686274,1.0,0,0,1,0,0,0,0,0,0,0,0,0,1,0,0,0,0,0,1,0,0,0
676,179.0,18.0,27.0,0.0,0.0,0.0,31.0,3.0,0.0,3.5098039215686274,1.0,0,0,0,1,0,0,0,0,0,0,0,0,1,0,0,0,0,0,0,0,0,1
677,225.0,9.0,37.0,0.0,1.0,2.0,24.0,2.0,0.0,8.653846153846153,0.0,0,0,1,0,0,0,0,0,0,0,0,0,1,0,0,0,0,0,1,0,0,0
678,179.0,9.0,35.0,0.0,0.0,0.0,19.0,3.0,1.0,6.884615384615385,0.0,0,0,1,0,0,0,0,0,0,0,0,0,0,1,0,0,0,0,1,0,0,0
679,235.0,8.0,33.0,0.0,0.0,0.0,25.0,3.0,1.0,14.6875,0.0,0,0,1,0,0,0,0,0,0,0,0,0,0,1,0,0,0,0,1,0,0,0
680,361.0,3.0,37.0,0.0,1.0,4.0,27.0,8.0,0.0,6.9423076923076925,1.0,0,0,1,0,0,0,0,0,0,0,0,0,0,1,0,1,0,0,0,0,0,0
681,179.0,18.0,27.0,0.0,0.0,0.0,31.0,8.0,0.0,3.5098039215686274,1.0,0,0,1,0,0,0,0,0,0,0,0,0,1,0,0,0,1,0,0,0,0,0
683,179.0,18.0,27.0,0.0,0.0,0.0,31.0,3.0,0.0,3.5098039215686274,1.0,0,0,1,0,0,0,0,0,0,0,0,0,1,0,0,0,0,0,1,0,0,0
684,179.0,9.0,35.0,0.0,0.0,0.0,19.0,2.0,1.0,6.884615384615385,0.0,0,0,1,0,0,0,0,0,0,0,0,0,0,1,0,0,0,0,1,0,0,0
686,179.0,18.0,27.0,0.0,0.0,0.0,31.0,4.0,0.0,3.5098039215686274,1.0,0,0,1,0,0,0,0,0,0,0,0,0,0,1,0,1,0,0,0,0,0,0
687,248.0,14.0,18.0,0.0,2.0,1.0,32.0,2.0,0.0,9.92,0.0,0,0,1,0,0,0,0,0,0,0,0,0,0,1,0,0,1,0,0,0,0,0
688,179.0,18.0,27.0,0.0,0.0,0.0,31.0,3.0,0.0,3.5098039215686274,1.0,0,0,1,0,0,0,0,0,0,0,0,0,0,1,0,0,0,0,1,0,0,0
689,225.0,9.0,37.0,0.0,1.0,2.0,24.0,8.0,0.0,8.653846153846153,0.0,0,0,1,0,0,0,0,0,0,0,0,0,0,1,0,1,0,0,0,0,0,0
690,225.0,9.0,37.0,0.0,1.0,2.0,24.0,8.0,0.0,8.653846153846153,0.0,0,0,0,1,0,0,0,0,0,0,0,0,1,0,0,0,0,0,0,0,0,1
691,179.0,18.0,27.0,0.0,0.0,0.0,31.0,2.0,0.0,3.5098039215686274,1.0,0,0,1,0,0,0,0,0,0,0,0,0,1,0,0,0,0,0,1,0,0,0
692,289.0,13.0,32.0,0.0,2.0,1.0,30.0,8.0,0.0,8.027777777777779,1.0,0,0,1,0,0,0,0,0,0,0,0,0,1,0,0,0,0,0,1,0,0,0
693,228.0,16.0,7.0,0.0,2.0,1.0,22.0,2.0,0.0,16.285714285714285,0.0,0,0,1,0,0,0,0,0,0,0,0,0,1,0,0,0,0,0,1,0,0,0
695,248.0,14.0,18.0,0.0,2.0,1.0,32.0,3.0,0.0,9.92,0.0,0,0,1,0,0,0,0,0,0,0,0,0,1,0,0,0,0,0,1,0,0,0
696,179.0,18.0,27.0,0.0,0.0,0.0,31.0,3.0,0.0,3.5098039215686274,1.0,0,0,1,0,0,0,0,0,0,0,0,0,1,0,0,0,0,0,1,0,0,0
697,179.0,9.0,35.0,0.0,0.0,0.0,19.0,2.0,1.0,6.884615384615385,0.0,0,0,1,0,0,0,0,0,0,0,0,0,0,1,0,0,0,0,1,0,0,0
698,179.0,18.0,27.0,0.0,0.0,0.0,31.0,3.0,0.0,3.5098039215686274,1.0,0,0,1,0,0,0,0,0,0,0,0,0,0,1,0,0,0,0,1,0,0,0
699,179.0,18.0,27.0,0.0,0.0,0.0,31.0,3.0,0.0,3.5098039215686274,1.0,0,0,1,0,0,0,0,0,0,0,0,0,1,0,0,0,0,0,1,0,0,0
700,117.99999999999999,24.0,19.0,0.0,2.0,0.0,25.0,8.0,0.0,7.866666666666666,1.0,0,0,1,0,0,0,0,0,0,0,0,0,1,0,0,0,0,0,1,0,0,0
701,155.0,14.0,31.0,0.0,2.0,0.0,25.0,24.0,0.0,12.916666666666666,1.0,0,0,1,0,0,0,0,0,0,0,0,0,1,0,0,0,1,0,0,0,0,0
702,179.0,18.0,27.0,0.0,0.0,0.0,31.0,3.0,0.0,3.5098039215686274,1.0,0,0,1,0,0,0,0,0,0,0,0,0,1,0,0,0,0,0,1,0,0,0
703,179.0,18.0,27.0,0.0,0.0,0.0,31.0,3.0,0.0,3.5098039215686274,1.0,0,0,1,0,0,0,0,0,0,0,0,0,1,0,0,0,0,0,1,0,0,0
704,179.0,9.0,35.0,0.0,0.0,0.0,19.0,2.0,1.0,6.884615384615385,0.0,0,0,1,0,0,0,0,0,0,0,0,0,0,1,0,0,1,0,0,0,0,0
705,289.0,13.0,32.0,0.0,2.0,1.0,30.0,30.0,0.0,8.027777777777779,1.0,0,0,1,0,0,0,0,0,0,0,0,0,0,1,0,1,0,0,0,0,0,0
706,369.0,12.0,34.0,0.0,3.0,0.0,25.0,8.0,0.0,21.705882352941174,1.0,0,0,1,0,0,0,0,0,0,0,0,0,1,0,0,0,0,0,1,0,0,0
707,225.0,9.0,37.0,0.0,1.0,2.0,24.0,8.0,0.0,8.653846153846153,0.0,0,0,0,1,0,0,0,0,0,0,0,0,0,0,1,0,1,0,0,0,0,0
708,117.99999999999999,10.0,28.0,0.0,0.0,0.0,28.0,8.0,0.0,11.8,0.0,0,0,0,1,0,0,0,0,0,0,0,0,0,1,0,1,0,0,0,0,0,0
709,361.0,3.0,37.0,0.0,1.0,4.0,27.0,8.0,0.0,6.9423076923076925,1.0,0,0,0,1,0,0,0,0,0,0,0,0,1,0,0,1,0,0,0,0,0,0
710,248.0,14.0,18.0,0.0,2.0,1.0,32.0,8.0,0.0,9.92,0.0,0,0,0,1,0,0,0,0,0,0,0,0,1,0,0,1,0,0,0,0,0,0
711,189.0,13.0,32.0,0.0,2.0,2.0,25.0,8.0,0.0,6.517241379310345,0.0,0,0,0,1,0,0,0,0,0,0,0,0,1,0,0,0,1,0,0,0,0,0
712,179.0,9.0,35.0,0.0,0.0,0.0,19.0,2.0,1.0,6.884615384615385,0.0,0,0,0,1,0,0,0,0,0,0,0,0,0,1,0,0,0,0,1,0,0,0
713,369.0,12.0,34.0,0.0,3.0,0.0,25.0,24.0,0.0,21.705882352941174,1.0,0,0,0,1,0,0,0,0,0,0,0,0,0,1,0,1,0,0,0,0,0,0
714,369.0,12.0,34.0,0.0,3.0,0.0,25.0,24.0,0.0,21.705882352941174,1.0,0,0,0,0,0,0,1,0,0,0,0,0,1,0,0,0,0,0,0,0,0,1
715,179.0,17.0,25.0,0.0,2.0,0.0,22.0,2.0,1.0,8.136363636363637,1.0,0,0,0,1,0,0,0,0,0,0,0,0,1,0,0,0,0,1,0,0,0,0
716,117.99999999999999,18.0,15.0,0.0,1.0,0.0,31.0,3.0,0.0,9.076923076923077,1.0,0,0,0,1,0,0,0,0,0,0,0,0,1,0,0,0,0,0,1,0,0,0
717,361.0,3.0,37.0,0.0,1.0,4.0,27.0,2.0,0.0,6.9423076923076925,1.0,0,0,0,1,0,0,0,0,0,0,0,0,1,0,0,0,0,0,1,0,0,0
718,117.99999999999999,10.0,28.0,0.0,0.0,0.0,28.0,2.0,0.0,11.8,0.0,0,0,0,1,0,0,0,0,0,0,0,0,1,0,0,1,0,0,0,0,0,0
719,235.0,14.0,28.0,0.0,1.0,1.0,29.0,8.0,1.0,21.363636363636363,0.0,0,0,0,1,0,0,0,0,0,0,0,0,0,1,0,0,0,0,1,0,0,0
721,225.0,9.0,37.0,0.0,1.0,2.0,24.0,8.0,0.0,8.653846153846153,0.0,0,0,0,1,0,0,0,0,0,0,0,0,0,1,0,1,0,0,0,0,0,0
722,235.0,8.0,33.0,0.0,0.0,0.0,25.0,3.0,1.0,14.6875,0.0,0,0,0,1,0,0,0,0,0,0,0,0,1,0,0,0,0,1,0,0,0,0
723,179.0,9.0,35.0,0.0,0.0,0.0,19.0,2.0,1.0,6.884615384615385,0.0,0,0,0,1,0,0,0,0,0,0,0,0,0,0,1,0,0,0,1,0,0,0
724,155.0,14.0,31.0,0.0,2.0,0.0,25.0,4.0,0.0,12.916666666666666,1.0,0,0,0,1,0,0,0,0,0,0,0,0,1,0,0,0,0,0,1,0,0,0
725,155.0,14.0,31.0,0.0,2.0,0.0,25.0,4.0,0.0,12.916666666666666,1.0,0,0,1,0,0,0,0,0,0,0,0,0,1,0,0,0,0,0,0,0,0,1
726,225.0,9.0,37.0,0.0,1.0,2.0,24.0,8.0,0.0,8.653846153846153,0.0,0,0,0,1,0,0,0,0,0,0,0,0,1,0,0,1,0,0,0,0,0,0
727,117.99999999999999,18.0,15.0,0.0,1.0,0.0,31.0,2.0,0.0,9.076923076923077,1.0,0,0,0,1,0,0,0,0,0,0,0,0,1,0,0,1,0,0,0,0,0,0
729,235.0,14.0,28.0,0.0,1.0,1.0,29.0,8.0,1.0,21.363636363636363,0.0,0,0,0,0,1,0,0,0,0,0,0,0,0,1,0,0,0,0,1,0,0,0
730,225.0,15.0,24.0,0.0,2.0,2.0,28.0,3.0,1.0,15.0,1.0,0,0,0,0,1,0,0,0,0,0,0,0,1,0,0,1,0,0,0,0,0,0
731,235.0,8.0,33.0,0.0,0.0,0.0,25.0,2.0,1.0,14.6875,0.0,0,0,0,0,1,0,0,0,0,0,0,0,1,0,0,0,0,0,1,0,0,0
732,117.99999999999999,10.0,28.0,0.0,0.0,0.0,28.0,3.0,0.0,11.8,0.0,0,0,0,0,1,0,0,0,0,0,0,0,1,0,0,1,0,0,0,0,0,0
733,117.99999999999999,10.0,28.0,0.0,0.0,0.0,28.0,3.0,0.0,11.8,0.0,0,0,0,0,0,0,0,0,1,0,0,0,1,0,0,0,0,0,0,0,0,1
734,235.0,13.0,22.0,0.0,1.0,0.0,38.0,8.0,0.0,11.75,1.0,0,0,0,0,1,0,0,0,0,0,0,0,1,0,0,0,0,0,0,0,1,0
735,179.0,9.0,35.0,0.0,0.0,0.0,19.0,1.0,1.0,6.884615384615385,0.0,0,0,0,0,1,0,0,0,0,0,0,0,1,0,0,0,1,0,0,0,0,0
736,291.0,12.0,25.0,0.0,1.0,1.0,25.0,2.0,0.0,9.387096774193548,1.0,0,0,0,0,1,0,0,0,0,0,0,0,1,0,0,0,0,0,1,0,0,0
737,225.0,15.0,24.0,0.0,2.0,2.0,28.0,8.0,1.0,15.0,1.0,0,0,0,0,1,0,0,0,0,0,0,0,1,0,0,1,0,0,0,0,0,0
738,300.0,13.0,22.0,0.0,2.0,1.0,25.0,30.0,0.0,11.538461538461538,1.0,0,0,0,0,1,0,0,0,0,0,0,0,0,1,0,1,0,0,0,0,0,0
739,225.0,15.0,24.0,0.0,2.0,2.0,28.0,8.0,1.0,15.0,1.0,0,0,0,0,1,0,0,0,0,0,0,0,0,1,0,0,0,0,1,0,0,0
740,179.0,9.0,35.0,0.0,0.0,0.0,19.0,2.0,1.0,6.884615384615385,0.0,0,0,0,0,1,0,0,0,0,0,0,0,0,1,0,0,0,0,1,0,0,0
741,117.99999999999999,18.0,15.0,0.0,1.0,0.0,31.0,2.0,0.0,9.076923076923077,1.0,0,0,0,0,1,0,0,0,0,0,0,0,0,1,0,0,0,0,1,0,0,0
742,117.99999999999999,18.0,15.0,0.0,1.0,0.0,31.0,3.0,0.0,9.076923076923077,1.0,0,0,0,0,1,0,0,0,0,0,0,0,1,0,0,0,0,0,0,1,0,0
743,117.99999999999999,10.0,28.0,0.0,0.0,0.0,28.0,1.0,0.0,11.8,0.0,0,0,0,0,1,0,0,0,0,0,0,0,1,0,0,0,0,0,1,0,0,0
744,117.99999999999999,18.0,15.0,1.0,1.0,0.0,31.0,0.0,0.0,9.076923076923077,1.0,0,0,0,0,1,0,0,0,0,0,0,0,1,0,0,0,0,0,0,0,0,1
745,179.0,9.0,35.0,0.0,0.0,0.0,19.0,2.0,1.0,6.884615384615385,0.0,0,0,0,0,1,0,0,0,0,0,0,0,1,0,0,0,0,0,1,0,0,0
746,378.0,11.0,29.0,1.0,2.0,4.0,21.0,0.0,0.0,7.714285714285714,1.0,0,0,0,0,1,0,0,0,0,0,0,0,1,0,0,0,0,0,0,0,0,1
747,179.0,17.0,25.0,0.0,2.0,0.0,22.0,1.0,1.0,8.136363636363637,1.0,0,0,0,0,1,0,0,0,0,0,0,0,0,1,0,0,0,1,0,0,0,0
748,179.0,17.0,25.0,0.0,2.0,0.0,22.0,1.0,1.0,8.136363636363637,1.0,0,0,0,1,0,0,0,0,0,0,0,0,1,0,0,0,0,0,0,0,0,1
749,155.0,14.0,31.0,0.0,2.0,0.0,25.0,30.0,0.0,12.916666666666666,1.0,0,0,0,0,1,0,0,0,0,0,0,0,0,1,0,1,0,0,0,0,0,0
750,235.0,8.0,33.0,0.0,0.0,0.0,25.0,8.0,1.0,14.6875,0.0,0,0,0,0,1,0,0,0,0,0,0,0,0,1,0,1,0,0,0,0,0,0
751,291.0,12.0,25.0,0.0,1.0,1.0,25.0,8.0,0.0,9.387096774193548,1.0,0,0,0,0,1,0,0,0,0,0,0,0,1,0,0,0,0,0,1,0,0,0
752,179.0,17.0,25.0,0.0,2.0,0.0,22.0,8.0,1.0,8.136363636363637,1.0,0,0,0,0,1,0,0,0,0,0,0,0,1,0,0,1,0,0,0,0,0,0
753,225.0,9.0,37.0,0.0,1.0,2.0,24.0,3.0,0.0,8.653846153846153,0.0,0,0,0,0,1,0,0,0,0,0,0,0,1,0,0,0,1,0,0,0,0,0
754,225.0,9.0,37.0,0.0,1.0,2.0,24.0,3.0,0.0,8.653846153846153,0.0,0,0,0,0,0,0,0,0,0,0,1,0,1,0,0,0,0,0,0,0,0,1
755,330.0,4.0,37.0,0.0,0.0,0.0,25.0,8.0,1.0,20.625,0.0,0,0,0,0,1,0,0,0,0,0,0,0,1,0,0,1,0,0,0,0,0,0
756,235.0,8.0,33.0,0.0,0.0,0.0,25.0,2.0,1.0,14.6875,0.0,0,0,0,0,1,0,0,0,0,0,0,0,1,0,0,0,0,0,1,0,0,0
760,361.0,3.0,37.0,0.0,1.0,4.0,27.0,8.0,0.0,6.9423076923076925,1.0,0,0,0,0,1,0,0,0,0,0,0,0,0,1,0,1,0,0,0,0,0,0
761,155.0,14.0,31.0,0.0,2.0,0.0,25.0,2.0,0.0,12.916666666666666,1.0,0,0,0,0,1,0,0,0,0,0,0,0,1,0,0,0,0,0,1,0,0,0
762,179.0,17.0,25.0,0.0,2.0,0.0,22.0,8.0,1.0,8.136363636363637,1.0,0,0,0,0,1,0,0,0,0,0,0,0,0,1,0,0,0,0,1,0,0,0
763,155.0,14.0,31.0,0.0,2.0,0.0,25.0,8.0,0.0,12.916666666666666,1.0,0,0,0,0,1,0,0,0,0,0,0,0,0,1,0,1,0,0,0,0,0,0
764,225.0,9.0,37.0,0.0,1.0,2.0,24.0,1.0,0.0,8.653846153846153,0.0,0,0,0,0,1,0,0,0,0,0,0,0,0,1,0,1,0,0,0,0,0,0
765,117.99999999999999,24.0,19.0,0.0,2.0,0.0,25.0,8.0,0.0,7.866666666666666,1.0,0,0,0,0,0,1,0,0,0,0,0,0,1,0,0,1,0,0,0,0,0,0
766,179.0,9.0,35.0,0.0,0.0,0.0,19.0,3.0,1.0,6.884615384615385,0.0,0,0,0,0,0,1,0,0,0,0,0,0,1,0,0,0,0,0,1,0,0,0
767,117.99999999999999,10.0,28.0,0.0,0.0,0.0,28.0,8.0,0.0,11.8,0.0,0,0,0,0,0,1,0,0,0,0,0,0,0,1,0,0,0,0,0,0,1,0
768,117.99999999999999,10.0,28.0,0.0,0.0,0.0,28.0,8.0,0.0,11.8,0.0,0,0,0,0,0,1,0,0,0,0,0,0,1,0,0,1,0,0,0,0,0,0
770,117.99999999999999,18.0,15.0,0.0,1.0,0.0,31.0,24.0,0.0,9.076923076923077,1.0,0,0,0,0,0,1,0,0,0,0,0,0,1,0,0,1,0,0,0,0,0,0
771,233.0,1.0,5.0,0.0,1.0,4.0,21.0,8.0,1.0,4.568627450980392,1.0,0,0,0,0,0,1,0,0,0,0,0,0,0,1,0,1,0,0,0,0,0,0
772,179.0,9.0,35.0,0.0,0.0,0.0,19.0,2.0,1.0,6.884615384615385,0.0,0,0,0,0,0,1,0,0,0,0,0,0,0,1,0,0,0,0,1,0,0,0
773,235.0,12.0,17.0,1.0,1.0,4.0,33.0,0.0,0.0,8.10344827586207,1.0,0,0,0,0,0,1,0,0,0,0,0,0,0,1,0,0,0,0,0,0,0,1
774,268.0,8.0,32.0,1.0,0.0,0.0,25.0,0.0,1.0,24.363636363636367,0.0,0,0,0,0,0,1,0,0,0,0,0,0,0,1,0,0,0,0,0,0,0,1
775,117.99999999999999,18.0,15.0,0.0,1.0,0.0,31.0,3.0,0.0,9.076923076923077,1.0,0,0,0,0,0,1,0,0,0,0,0,0,1,0,0,1,0,0,0,0,0,0
776,179.0,9.0,35.0,0.0,0.0,0.0,19.0,2.0,1.0,6.884615384615385,0.0,0,0,0,0,0,1,0,0,0,0,0,0,1,0,0,0,1,0,0,0,0,0
777,291.0,12.0,5.0,0.0,1.0,1.0,25.0,2.0,0.0,9.387096774193548,1.0,0,0,0,0,0,1,0,0,0,0,0,0,1,0,0,0,0,0,1,0,0,0
778,179.0,9.0,35.0,0.0,0.0,0.0,19.0,3.0,1.0,6.884615384615385,0.0,0,0,0,0,0,1,0,0,0,0,0,0,0,1,0,0,1,0,0,0,0,0
779,117.99999999999999,10.0,28.0,0.0,0.0,0.0,28.0,3.0,0.0,11.8,0.0,0,0,0,0,0,1,0,0,0,0,0,0,0,1,0,0,0,0,1,0,0,0
780,233.0,1.0,34.0,0.0,1.0,4.0,21.0,8.0,1.0,4.568627450980392,1.0,0,0,0,0,0,1,0,0,0,0,0,0,1,0,0,0,0,0,1,0,0,0
781,117.99999999999999,10.0,28.0,0.0,0.0,0.0,28.0,2.0,0.0,11.8,0.0,0,0,0,0,0,1,0,0,0,0,0,0,0,1,0,1,0,0,0,0,0,0
782,117.99999999999999,10.0,28.0,0.0,0.0,0.0,28.0,3.0,0.0,11.8,0.0,0,0,0,0,0,1,0,0,0,0,0,0,1,0,0,1,0,0,0,0,0,0
783,233.0,1.0,34.0,0.0,1.0,4.0,21.0,3.0,1.0,4.568627450980392,1.0,0,0,0,0,0,1,0,0,0,0,0,0,1,0,0,0,0,0,1,0,0,0
784,235.0,13.0,22.0,0.0,1.0,0.0,38.0,4.0,0.0,11.75,1.0,0,0,0,0,0,0,1,0,0,0,0,0,1,0,0,0,0,0,0,0,1,0
785,233.0,1.0,34.0,0.0,1.0,4.0,21.0,2.0,1.0,4.568627450980392,1.0,0,0,0,0,0,0,1,0,0,0,0,0,0,1,0,1,0,0,0,0,0,0
786,233.0,1.0,34.0,0.0,1.0,4.0,21.0,2.0,1.0,4.568627450980392,1.0,0,0,0,0,1,0,0,0,0,0,0,0,1,0,0,0,0,0,0,0,0,1
787,228.0,16.0,7.0,0.0,2.0,1.0,22.0,8.0,0.0,16.285714285714285,0.0,0,0,0,0,0,0,1,0,0,0,0,0,0,1,0,0,1,0,0,0,0,0
788,117.99999999999999,10.0,28.0,0.0,0.0,0.0,28.0,4.0,0.0,11.8,0.0,0,0,0,0,0,0,1,0,0,0,0,0,0,1,0,0,0,0,1,0,0,0
789,228.0,16.0,7.0,0.0,2.0,1.0,22.0,30.0,0.0,16.285714285714285,0.0,0,0,0,0,0,0,1,0,0,0,0,0,1,0,0,0,1,0,0,0,0,0
790,189.0,13.0,32.0,0.0,2.0,2.0,25.0,16.0,0.0,6.517241379310345,0.0,0,0,0,0,0,0,1,0,0,0,0,0,1,0,0,0,0,0,1,0,0,0
791,117.99999999999999,10.0,5.0,0.0,0.0,0.0,28.0,2.0,0.0,11.8,0.0,0,0,0,0,0,0,1,0,0,0,0,0,1,0,0,0,0,0,1,0,0,0
792,361.0,3.0,37.0,0.0,1.0,4.0,27.0,8.0,0.0,6.9423076923076925,1.0,0,0,0,0,0,0,1,0,0,0,0,0,1,0,0,0,0,0,1,0,0,0
793,225.0,9.0,37.0,0.0,1.0,2.0,24.0,8.0,0.0,8.653846153846153,0.0,0,0,0,0,0,0,1,0,0,0,0,0,0,0,1,0,0,0,1,0,0,0
794,369.0,12.0,34.0,0.0,3.0,0.0,25.0,30.0,0.0,21.705882352941174,1.0,0,0,0,0,0,0,1,0,0,0,0,0,0,1,0,0,1,0,0,0,0,0
795,289.0,13.0,32.0,0.0,2.0,1.0,30.0,8.0,0.0,8.027777777777779,1.0,0,0,0,0,0,0,1,0,0,0,0,0,1,0,0,1,0,0,0,0,0,0
796,235.0,14.0,28.0,0.0,1.0,1.0,29.0,4.0,1.0,21.363636363636363,0.0,0,0,0,0,0,0,1,0,0,0,0,0,1,0,0,1,0,0,0,0,0,0
797,117.99999999999999,13.0,25.0,0.0,1.0,4.0,34.0,0.0,0.0,8.428571428571429,1.0,0,0,0,0,0,0,1,0,0,0,0,0,1,0,0,0,0,0,0,0,0,1
798,231.0,14.0,26.0,0.0,2.0,2.0,35.0,0.0,0.0,6.6,1.0,0,0,0,0,0,0,1,0,0,0,0,0,1,0,0,0,0,0,0,0,0,1
799,179.0,14.0,5.0,0.0,1.0,1.0,25.0,0.0,0.0,3.977777777777778,0.0,0,0,1,0,0,0,0,0,0,0,0,0,0,1,0,0,0,0,0,0,0,1
